arrival_time,tsval
1776968200,159870
1776968201,160870
1776968202,161870
1776968203,162870
1776968204,163870
1776968205,164870
1776968206,165870
1776968207,166870
1776968208,167870
1776968209,168870
1776968210,169870
1776968211,170870
1776968212,171870
1776968213,172870
1776968214,173870
1776968215,174870
1776968216,175870
1776968217,176870
1776968218,177870
1776968219,178870
1776968220,179870
1776968221,180870
1776968222,181870
1776968223,182870
1776968224,183870
1776968225,184870
1776968226,185870
1776968227,186870
1776968228,187870
1776968229,188870
1776968230,189870
1776968231,190870
1776968232,191870
1776968233,192870
1776968234,193870
1776968235,194870
1776968236,195870
1776968237,196870
1776968238,197870
1776968239,198870
1776968240,199870
1776968241,200870
1776968242,201870
1776968243,202870
1776968244,203870
1776968245,204870
1776968246,205870
1776968247,206870
1776968248,207870
1776968249,208870
1776968250,209870
1776968251,210870
1776968252,211870
1776968253,212870
1776968254,213870
1776968255,214870
1776968256,215870
1776968257,216870
1776968258,217870
1776968259,218870
1776968260,219870
1776968261,220870
1776968262,221870
1776968263,222870
1776968264,223870
1776968265,224870
1776968266,225870
1776968267,226870
1776968268,227870
1776968269,228870
1776968270,229870
1776968271,230870
1776968272,231870
1776968273,232870
1776968274,233870
1776968275,234870
1776968276,235870
1776968277,236870
1776968278,237870
1776968279,238870
1776968280,239870
1776968281,240870
1776968282,241870
1776968283,242870
1776968284,243870
1776968285,244870
1776968286,245870
1776968287,246870
1776968288,247870
1776968289,248870
1776968290,249870
1776968291,250870
1776968292,251870
1776968293,252870
1776968294,253870
1776968295,254870
1776968296,255870
1776968297,256870
1776968298,257870
1776968299,258870
1776968300,259870
1776968301,260870
1776968302,261870
1776968303,262870
1776968304,263870
1776968305,264870
1776968306,265870
1776968307,266870
1776968308,267870
1776968309,268870
1776968310,269870
1776968311,270870
1776968312,271870
1776968313,272870
1776968314,273870
1776968315,274870
1776968316,275870
1776968317,276870
1776968318,277870
1776968319,278870
1776968320,279870
1776968321,280870
1776968322,281870
1776968323,282870
1776968324,283870
1776968325,284870
1776968326,285870
1776968327,286870
1776968328,287870
1776968329,288870
1776968330,289870
1776968331,290870
1776968332,291870
1776968333,292870
1776968334,293870
1776968335,294870
1776968336,295870
1776968337,296870
1776968338,297870
1776968339,298870
1776968340,299870
1776968341,300870
1776968342,301870
1776968343,302870
1776968344,303870
1776968345,304870
1776968346,305870
1776968347,306870
1776968348,307870
1776968349,308870
1776968350,309870
1776968351,310870
1776968352,311870
1776968353,312870
1776968354,313870
1776968355,314870
1776968356,315870
1776968357,316870
1776968358,317870
1776968359,318870
1776968360,319870
1776968361,320870
1776968362,321870
1776968363,322870
1776968364,323870
1776968365,324870
1776968366,325870
1776968367,326870
1776968368,327870
1776968369,328870
1776968370,329870
1776968371,330870
1776968372,331870
1776968373,332870
1776968374,333870
1776968375,334870
1776968376,335870
1776968377,336870
1776968378,337870
1776968379,338870
1776968380,339870
1776968381,340870
1776968382,341870
1776968383,342870
1776968384,343870
1776968385,344870
1776968386,345870
1776968387,346870
1776968388,347870
1776968389,348870
1776968390,349870
1776968391,350870
1776968392,351870
1776968393,352870
1776968394,353870
1776968395,354870
1776968396,355870
1776968397,356870
1776968398,357870
1776968399,358870
1776968400,359870
1776968401,360870
1776968402,361870
1776968403,362870
1776968404,363870
1776968405,364870
1776968406,365870
1776968407,366870
1776968408,367870
1776968409,368870
1776968410,369870
1776968411,370870
1776968412,371870
1776968413,372870
1776968414,373870
1776968415,374870
1776968416,375870
1776968417,376870
1776968418,377870
1776968419,378870
1776968420,379870
1776968421,380870
1776968422,381870
1776968423,382870
1776968424,383870
1776968425,384870
1776968426,385870
1776968427,386870
1776968428,387870
1776968429,388870
1776968430,389870
1776968431,390870
1776968432,391870
1776968433,392870
1776968434,393870
1776968435,394870
1776968436,395870
1776968437,396870
1776968438,397870
1776968439,398870
1776968440,399870
1776968441,400870
1776968442,401870
1776968443,402870
1776968444,403870
1776968445,404870
1776968448,407890
1776968448,407890
1776968449,408870
1776968450,409870
1776968451,410870
1776968452,411870
1776968453,412870
1776968454,413870
1776968455,414870
1776968456,415870
1776968457,416870
1776968458,417870
1776968459,418870
1776968462,421390
1776968462,421390
1776968462,421870
1776968463,422870
1776968464,423870
1776968465,424870
1776968466,425870
1776968467,426870
1776968468,427870
1776968469,428870
1776968470,429870
1776968471,430870
1776968472,431870
1776968473,432870
1776968474,433870
1776968475,434870
1776968476,435870
1776968477,436870
1776968478,437870
1776968479,438870
1776968480,439870
1776968481,440870
1776968482,441870
1776968483,442870
1776968484,443870
1776968485,444870
1776968486,445870
1776968487,446870
1776968488,447870
1776968489,448870
1776968490,449870
1776968491,450870
1776968492,451870
1776968493,452870
1776968494,453870
1776968495,454870
1776968496,455870
1776968497,456870
1776968498,457870
1776968499,458870
1776968500,459870
1776968501,460870
1776968502,461870
1776968503,462870
1776968504,463870
1776968505,464870
1776968506,465870
1776968507,466870
1776968508,467870
1776968510,468870
1776968510,469870
1776968511,470870
1776968512,471870
1776968513,472870
1776968514,473870
1776968515,474870
1776968516,475870
1776968517,476870
1776968518,477870
1776968519,478870
1776968520,479870
1776968521,480870
1776968522,481870
1776968523,482870
1776968524,483870
1776968525,484870
1776968526,485870
1776968527,486870
1776968528,487870
1776968529,488870
1776968530,489870
1776968531,490870
1776968532,491870
1776968533,492870
1776968534,493870
1776968535,494870
1776968536,495870
1776968537,496870
1776968538,497870
1776968539,498870
1776968540,499870
1776968541,500870
1776968542,501870
1776968543,502870
1776968544,503870
1776968545,504870
1776968546,505870
1776968547,506870
1776968548,507870
1776968549,508870
1776968550,509870
1776968551,510870
1776968552,511870
1776968553,512870
1776968554,513870
1776968555,514870
1776968556,515870
1776968557,516870
1776968558,517870
1776968559,518870
1776968560,519870
1776968561,520870
1776968562,521870
1776968563,522870
1776968564,523870
1776968565,524870
1776968566,525870
1776968567,526870
1776968568,527870
1776968569,528870
1776968570,529870
1776968571,530870
1776968572,531870
1776968573,532870
1776968574,533870
1776968575,534870
1776968576,535870
1776968577,536870
1776968578,537870
1776968579,538870
1776968580,539870
1776968581,540870
1776968582,541870
1776968583,542870
1776968584,543870
1776968585,544870
1776968586,545870
1776968587,546870
1776968588,547870
1776968589,548870
1776968590,549870
1776968591,550870
1776968593,552890
1776968593,552890
1776968594,553870
1776968595,554870
1776968596,555870
1776968597,556870
1776968598,557870
1776968599,558870
1776968600,559870
1776968601,560870
1776968602,561870
1776968603,562870
1776968604,563870
1776968605,564870
1776968606,565870
1776968607,566870
1776968608,567870
1776968609,568870
1776968610,569870
1776968611,570870
1776968612,571870
1776968613,572870
1776968616,575390
1776968616,575390
1776968616,575870
1776968617,576870
1776968618,577870
1776968619,578870
1776968620,579870
1776968621,580870
1776968622,581870
1776968623,582870
1776968624,583870
1776968625,584870
1776968626,585870
1776968627,586870
1776968628,587870
1776968629,588870
1776968630,589870
1776968631,590870
1776968632,591870
1776968633,592870
1776968634,593870
1776968635,594870
1776968636,595870
1776968637,596870
1776968638,597870
1776968639,598870
1776968640,599870
1776968641,600870
1776968642,601870
1776968643,602870
1776968644,603870
1776968645,604870
1776968646,605870
1776968647,606870
1776968648,607870
1776968649,608870
1776968650,609870
1776968651,610870
1776968652,611870
1776968653,612870
1776968654,613870
1776968655,614870
1776968656,615870
1776968657,616870
1776968658,617870
1776968659,618870
1776968660,619870
1776968661,620870
1776968662,621870
1776968663,622870
1776968664,623870
1776968665,624870
1776968666,625870
1776968667,626870
1776968668,627870
1776968669,628870
1776968670,629870
1776968671,630870
1776968672,631870
1776968673,632870
1776968674,633870
1776968675,634870
1776968676,635870
1776968677,636870
1776968678,637870
1776968679,638870
1776968680,639870
1776968681,640870
1776968682,641870
1776968683,642870
1776968684,643870
1776968685,644870
1776968686,645870
1776968687,646870
1776968688,647870
1776968689,648870
1776968690,649870
1776968691,650870
1776968692,651870
1776968693,652870
1776968694,653870
1776968695,654870
1776968696,655870
1776968697,656870
1776968698,657870
1776968699,658870
1776968700,659870
1776968701,660870
1776968702,661870
1776968703,662870
1776968704,663870
1776968705,664870
1776968706,665870
1776968707,666870
1776968708,667870
1776968709,668870
1776968710,669870
1776968711,670870
1776968712,671870
1776968713,672870
1776968714,673870
1776968715,674870
1776968716,675870
1776968717,676870
1776968718,677870
1776968719,678870
1776968720,679870
1776968721,680870
1776968722,681870
1776968723,682870
1776968724,683870
1776968725,684870
1776968726,685870
1776968727,686870
1776968728,687870
1776968729,688870
1776968730,689870
1776968731,690870
1776968732,691870
1776968733,692870
1776968734,693870
1776968735,694870
1776968736,695870
1776968737,696870
1776968738,697870
1776968739,698870
1776968740,699870
1776968741,700870
1776968742,701870
1776968743,702870
1776968744,703870
1776968745,704870
1776968746,705870
1776968747,706870
1776968748,707870
1776968749,708870
1776968750,709870
1776968751,710870
1776968752,711870
1776968753,712870
1776968754,713870
1776968755,714870
1776968756,715870
1776968757,716870
1776968758,717870
1776968759,718870
1776968760,719870
1776968761,720870
1776968762,721870
1776968763,722870
1776968764,723870
1776968765,724870
1776968766,725870
1776968767,726870
1776968768,727870
1776968769,728870
1776968770,729870
1776968771,730870
1776968772,731870
1776968773,732870
1776968775,734900
1776968775,734930
1776968776,735870
1776968777,736870
1776968778,737870
1776968779,738870
1776968780,739870
1776968781,740870
1776968782,741870
1776968783,742870
1776968784,743870
1776968785,744870
1776968786,745870
1776968787,746870
1776968788,747870
1776968789,748870
1776968790,749870
1776968791,750870
1776968792,751870
1776968793,752870
1776968795,754900
1776968795,754900
1776968796,755870
1776968797,756870
1776968798,757870
1776968799,758870
1776968800,759870
1776968801,760870
1776968802,761870
1776968803,762870
1776968804,763870
1776968805,764870
1776968806,765870
1776968807,766870
1776968808,767870
1776968809,768870
1776968810,769870
1776968811,770870
1776968812,771870
1776968813,772870
1776968814,773870
1776968815,774870
1776968816,775870
1776968817,776870
1776968818,777870
1776968819,778870
1776968820,779870
1776968821,780870
1776968822,781870
1776968823,782870
1776968824,783870
1776968825,784870
1776968826,785870
1776968827,786870
1776968828,787870
1776968829,788870
1776968830,789870
1776968831,790870
1776968832,791870
1776968833,792870
1776968834,793870
1776968835,794870
1776968836,795870
1776968837,796870
1776968838,797870
1776968839,798870
1776968840,799870
1776968841,800870
1776968842,801870
1776968843,802870
1776968844,803870
1776968845,804870
1776968846,805870
1776968847,806870
1776968848,807870
1776968849,808870
1776968850,809870
1776968851,810870
1776968852,811870
1776968853,812870
1776968854,813870
1776968855,814870
1776968856,815870
1776968857,816870
1776968858,817870
1776968859,818870
1776968860,819870
1776968861,820870
1776968862,821870
1776968863,822870
1776968864,823870
1776968865,824870
1776968866,825870
1776968867,826870
1776968868,827870
1776968869,828870
1776968870,829870
1776968871,830870
1776968872,831870
1776968873,832870
1776968874,833870
1776968875,834870
1776968876,835870
1776968877,836870
1776968878,837870
1776968879,838870
1776968880,839870
1776968881,840870
1776968882,841870
1776968883,842870
1776968884,843870
1776968885,844870
1776968886,845870
1776968887,846870
1776968888,847870
1776968889,848870
1776968890,849870
1776968891,850870
1776968892,851870
1776968893,852870
1776968894,853870
1776968895,854870
1776968896,855870
1776968897,856870
1776968898,857870
1776968899,858870
1776968900,859870
1776968901,860870
1776968902,861870
1776968903,862870
1776968904,863870
1776968905,864870
1776968906,865870
1776968907,866870
1776968908,867870
1776968909,868870
1776968910,869870
1776968911,870870
1776968912,871870
1776968913,872870
1776968914,873870
1776968915,874870
1776968916,875870
1776968917,876870
1776968918,877870
1776968919,878870
1776968920,879870
1776968921,880870
1776968922,881870
1776968923,882870
1776968924,883870
1776968925,884870
1776968927,886900
1776968927,886900
1776968928,887870
1776968929,888870
1776968930,889870
1776968931,890870
1776968932,891870
1776968933,892870
1776968934,893870
1776968935,894870
1776968936,895870
1776968937,896870
1776968938,897870
1776968939,898870
1776968940,899870
1776968941,900870
1776968942,901870
1776968943,902870
1776968944,903870
1776968945,904870
1776968946,905870
1776968947,906870
1776968948,907870
1776968949,908870
1776968950,909870
1776968951,910870
1776968952,911870
1776968953,912870
1776968954,913870
1776968955,914870
1776968956,915870
1776968957,916870
1776968958,917870
1776968959,918870
1776968960,919870
1776968961,920870
1776968962,921870
1776968963,922870
1776968964,923870
1776968965,924870
1776968966,925870
1776968967,926870
1776968968,927870
1776968969,928870
1776968970,929870
1776968971,930870
1776968972,931870
1776968973,932870
1776968974,933870
1776968975,934870
1776968976,935870
1776968977,936870
1776968978,937870
1776968979,938870
1776968980,939870
1776968981,940870
1776968983,942900
1776968983,942900
1776968984,943870
1776968985,944870
1776968986,945870
1776968987,946870
1776968988,947870
1776968989,948870
1776968990,949870
1776968991,950870
1776968992,951870
1776968993,952870
1776968994,953870
1776968995,954870
1776968996,955870
1776968997,956870
1776968998,957870
1776968999,958870
1776969000,959870
1776969001,960870
1776969002,961870
1776969003,962870
1776969004,963870
1776969005,964870
1776969006,965870
1776969007,966870
1776969008,967870
1776969009,968870
1776969010,969870
1776969011,970870
1776969012,971870
1776969013,972870
1776969014,973870
1776969015,974870
1776969016,975870
1776969017,976870
1776969020,979900
1776969020,979900
1776969021,980870
1776969022,981870
1776969023,982870
1776969024,983870
1776969025,984870
1776969026,985870
1776969027,986870
1776969028,987870
1776969029,988870
1776969030,989870
1776969031,990870
1776969032,991870
1776969035,994400
1776969035,994410
1776969035,994870
1776969036,995870
1776969037,996870
1776969038,997870
1776969039,998870
1776969040,999870
1776969041,1000870
1776969042,1001870
1776969043,1002870
1776969044,1003870
1776969045,1004870
1776969046,1005870
1776969047,1006870
1776969048,1007870
1776969049,1008870
1776969050,1009870
1776969051,1010870
1776969052,1011870
1776969053,1012870
1776969054,1013870
1776969055,1014870
1776969056,1015870
1776969057,1016870
1776969058,1017870
1776969059,1018870
1776969060,1019870
1776969061,1020870
1776969062,1021870
1776969063,1022870
1776969065,1024900
1776969065,1024920
1776969066,1025870
1776969067,1026870
1776969068,1027870
1776969069,1028870
1776969070,1029870
1776969071,1030870
1776969072,1031870
1776969073,1032870
1776969074,1033870
1776969075,1034870
1776969076,1035870
1776969077,1036870
1776969078,1037870
1776969079,1038870
1776969080,1039870
1776969081,1040870
1776969082,1041870
1776969083,1042870
1776969084,1043870
1776969085,1044870
1776969086,1045870
1776969087,1046870
1776969088,1047870
1776969089,1048870
1776969090,1049870
1776969091,1050870
1776969092,1051870
1776969093,1052870
1776969094,1053870
1776969095,1054870
1776969096,1055870
1776969097,1056870
1776969098,1057870
1776969099,1058870
1776969100,1059870
1776969101,1060870
1776969102,1061870
1776969103,1062870
1776969104,1063870
1776969105,1064870
1776969106,1065870
1776969107,1066870
1776969108,1067870
1776969109,1068870
1776969110,1069870
1776969111,1070870
1776969112,1071870
1776969113,1072870
1776969114,1073870
1776969115,1074870
1776969116,1075870
1776969117,1076870
1776969118,1077870
1776969119,1078870
1776969120,1079870
1776969121,1080870
1776969122,1081870
1776969123,1082870
1776969124,1083870
1776969125,1084870
1776969128,1087400
1776969128,1087400
1776969128,1087870
1776969129,1088870
1776969130,1089870
1776969131,1090870
1776969132,1091870
1776969133,1092870
1776969134,1093870
1776969135,1094870
1776969136,1095870
1776969137,1096870
1776969138,1097870
1776969139,1098870
1776969140,1099870
1776969141,1100870
1776969142,1101870
1776969143,1102870
1776969144,1103870
1776969145,1104870
1776969146,1105870
1776969147,1106870
1776969148,1107870
1776969149,1108870
1776969150,1109870
1776969151,1110870
1776969152,1111870
1776969153,1112870
1776969154,1113870
1776969155,1114870
1776969156,1115870
1776969157,1116870
1776969158,1117870
1776969159,1118870
1776969162,1121400
1776969162,1121400
1776969163,1122900
1776969163,1122920
1776969164,1123870
1776969165,1124870
1776969166,1125870
1776969167,1126870
1776969168,1127870
1776969169,1128870
1776969170,1129870
1776969171,1130870
1776969172,1131870
1776969173,1132870
1776969174,1133870
1776969175,1134870
1776969176,1135870
1776969177,1136870
1776969178,1137870
1776969179,1138870
1776969180,1139870
1776969181,1140870
1776969182,1141870
1776969183,1142870
1776969185,1144900
1776969185,1144900
1776969186,1145870
1776969187,1146870
1776969188,1147870
1776969189,1148870
1776969190,1149870
1776969191,1150870
1776969192,1151870
1776969193,1152870
1776969194,1153870
1776969195,1154870
1776969196,1155870
1776969197,1156870
1776969198,1157870
1776969199,1158870
1776969200,1159870
1776969201,1160870
1776969202,1161870
1776969203,1162870
1776969204,1163870
1776969205,1164870
1776969206,1165870
1776969207,1166870
1776969208,1167870
1776969209,1168880
1776969210,1169880
1776969211,1170880
1776969212,1171880
1776969213,1172880
1776969214,1173880
1776969215,1174880
1776969216,1175880
1776969217,1176880
1776969218,1177880
1776969219,1178880
1776969220,1179880
1776969221,1180880
1776969222,1181880
1776969223,1182880
1776969224,1183880
1776969225,1184880
1776969226,1185880
1776969227,1186880
1776969228,1187880
1776969229,1188880
1776969230,1189880
1776969231,1190880
1776969232,1191880
1776969233,1192880
1776969234,1193880
1776969235,1194880
1776969236,1195880
1776969237,1196880
1776969238,1197880
1776969239,1198880
1776969240,1199880
1776969241,1200880
1776969242,1201880
1776969243,1202880
1776969244,1203880
1776969245,1204880
1776969246,1205880
1776969247,1206880
1776969248,1207880
1776969249,1208880
1776969250,1209880
1776969251,1210880
1776969252,1211880
1776969253,1212880
1776969254,1213880
1776969255,1214880
1776969256,1215880
1776969257,1216880
1776969260,1219400
1776969260,1219400
1776969260,1219880
1776969261,1220880
1776969262,1221880
1776969263,1222880
1776969264,1223880
1776969265,1224880
1776969266,1225880
1776969267,1226880
1776969268,1227880
1776969269,1228880
1776969270,1229880
1776969271,1230880
1776969272,1231880
1776969273,1232880
1776969274,1233880
1776969275,1234880
1776969276,1235880
1776969277,1236880
1776969278,1237880
1776969279,1238880
1776969280,1239880
1776969281,1240880
1776969283,1242900
1776969283,1242940
1776969284,1243880
1776969285,1244880
1776969286,1245880
1776969287,1246880
1776969288,1247880
1776969289,1248880
1776969290,1249880
1776969291,1250880
1776969292,1251880
1776969293,1252880
1776969294,1253880
1776969295,1254880
1776969296,1255880
1776969297,1256880
1776969298,1257880
1776969299,1258880
1776969300,1259880
1776969301,1260880
1776969302,1261880
1776969303,1262880
1776969304,1263880
1776969305,1264880
1776969306,1265880
1776969307,1266880
1776969308,1267880
1776969309,1268880
1776969310,1269880
1776969311,1270880
1776969312,1271880
1776969313,1272880
1776969314,1273880
1776969315,1274880
1776969316,1275880
1776969317,1276880
1776969318,1277880
1776969319,1278880
1776969320,1279880
1776969321,1280880
1776969322,1281880
1776969323,1282880
1776969324,1283880
1776969325,1284880
1776969326,1285880
1776969327,1286880
1776969328,1287880
1776969329,1288880
1776969330,1289880
1776969331,1290880
1776969332,1291880
1776969333,1292880
1776969334,1293880
1776969335,1294880
1776969336,1295880
1776969337,1296880
1776969338,1297880
1776969339,1298880
1776969340,1299880
1776969341,1300880
1776969342,1301880
1776969343,1302880
1776969344,1303880
1776969345,1304880
1776969346,1305880
1776969347,1306880
1776969348,1307880
1776969349,1308880
1776969350,1309880
1776969351,1310880
1776969352,1311880
1776969353,1312880
1776969354,1313880
1776969355,1314880
1776969356,1315880
1776969357,1316880
1776969358,1317880
1776969359,1318880
1776969360,1319880
1776969361,1320880
1776969362,1321880
1776969363,1322880
1776969364,1323880
1776969365,1324880
1776969366,1325880
1776969367,1326880
1776969368,1327880
1776969369,1328880
1776969370,1329880
1776969371,1330880
1776969372,1331880
1776969373,1332880
1776969374,1333880
1776969375,1334880
1776969376,1335880
1776969377,1336880
1776969378,1337880
1776969379,1338880
1776969380,1339880
1776969381,1340880
1776969382,1341880
1776969383,1342880
1776969384,1343880
1776969385,1344880
1776969386,1345880
1776969387,1346880
1776969388,1347880
1776969389,1348880
1776969390,1349880
1776969391,1350880
1776969392,1351880
1776969393,1352880
1776969394,1353880
1776969395,1354880
1776969396,1355880
1776969397,1356880
1776969398,1357880
1776969399,1358880
1776969400,1359880
1776969401,1360880
1776969402,1361880
1776969403,1362880
1776969404,1363880
1776969405,1364880
1776969406,1365880
1776969407,1366880
1776969408,1367880
1776969409,1368880
1776969410,1369880
1776969411,1370880
1776969412,1371880
1776969413,1372880
1776969414,1373880
1776969415,1374880
1776969416,1375880
1776969417,1376880
1776969418,1377880
1776969419,1378880
1776969420,1379880
1776969421,1380880
1776969422,1381880
1776969423,1382880
1776969424,1383880
1776969425,1384880
1776969426,1385880
1776969427,1386880
1776969428,1387880
1776969429,1388880
1776969430,1389880
1776969431,1390880
1776969432,1391880
1776969433,1392880
1776969434,1393880
1776969435,1394880
1776969436,1395880
1776969437,1396880
1776969438,1397880
1776969439,1398880
1776969440,1399880
1776969441,1400880
1776969442,1401880
1776969443,1402880
1776969444,1403880
1776969445,1404880
1776969446,1405880
1776969447,1406880
1776969448,1407880
1776969449,1408880
1776969450,1409880
1776969451,1410880
1776969452,1411880
1776969453,1412880
1776969456,1415900
1776969456,1415900
1776969457,1416880
1776969458,1417880
1776969459,1418880
1776969460,1419880
1776969461,1420880
1776969462,1421880
1776969463,1422880
1776969465,1424900
1776969465,1424910
1776969466,1425880
1776969467,1426880
1776969468,1427880
1776969469,1428880
1776969470,1429880
1776969471,1430880
1776969474,1433400
1776969474,1433410
1776969474,1433880
1776969475,1434880
1776969476,1435880
1776969477,1436880
1776969478,1437880
1776969479,1438880
1776969480,1439880
1776969481,1440880
1776969482,1441880
1776969483,1442880
1776969484,1443880
1776969485,1444880
1776969486,1445880
1776969487,1446880
1776969488,1447880
1776969489,1448880
1776969490,1449880
1776969491,1450880
1776969492,1451880
1776969493,1452880
1776969494,1453880
1776969495,1454880
1776969496,1455880
1776969497,1456880
1776969498,1457880
1776969499,1458880
1776969500,1459880
1776969501,1460880
1776969502,1461880
1776969503,1462880
1776969504,1463880
1776969505,1464880
1776969506,1465880
1776969507,1466880
1776969508,1467880
1776969509,1468880
1776969510,1469880
1776969511,1470880
1776969512,1471880
1776969513,1472880
1776969514,1473880
1776969515,1474880
1776969516,1475880
1776969517,1476880
1776969518,1477880
1776969519,1478880
1776969520,1479880
1776969521,1480880
1776969522,1481880
1776969523,1482880
1776969525,1484900
1776969525,1484900
1776969526,1485880
1776969527,1486880
1776969528,1487880
1776969529,1488890
1776969530,1489890
1776969531,1490890
1776969532,1491890
1776969533,1492890
1776969534,1493890
1776969535,1494890
1776969536,1495890
1776969537,1496890
1776969538,1497890
1776969539,1498890
1776969540,1499890
1776969541,1500890
1776969542,1501890
1776969543,1502890
1776969544,1503890
1776969545,1504890
1776969546,1505890
1776969547,1506890
1776969548,1507890
1776969549,1508890
1776969550,1509890
1776969551,1510890
1776969552,1511890
1776969553,1512890
1776969554,1513890
1776969555,1514890
1776969556,1515890
1776969557,1516890
1776969558,1517890
1776969559,1518890
1776969562,1521900
1776969562,1521900
1776969563,1522890
1776969564,1523890
1776969565,1524890
1776969566,1525890
1776969567,1526890
1776969568,1527890
1776969569,1528890
1776969570,1529890
1776969571,1530890
1776969572,1531890
1776969573,1532890
1776969574,1533890
1776969575,1534890
1776969576,1535890
1776969577,1536890
1776969578,1537890
1776969579,1538890
1776969581,1540900
1776969581,1540920
1776969582,1541890
1776969583,1542890
1776969584,1543890
1776969585,1544890
1776969586,1545890
1776969587,1546890
1776969588,1547890
1776969589,1548890
1776969590,1549890
1776969591,1550890
1776969593,1552900
1776969593,1552910
1776969594,1553890
1776969595,1554890
1776969596,1555890
1776969597,1556890
1776969598,1557890
1776969599,1558890
1776969600,1559890
1776969601,1560890
1776969602,1561890
1776969603,1562890
1776969604,1563890
1776969605,1564890
1776969606,1565890
1776969607,1566890
1776969608,1567890
1776969609,1568890
1776969610,1569890
1776969611,1570890
1776969612,1571890
1776969613,1572890
1776969614,1573890
1776969615,1574890
1776969616,1575890
1776969617,1576890
1776969618,1577890
1776969619,1578890
1776969620,1579890
1776969621,1580890
1776969622,1581890
1776969623,1582890
1776969624,1583890
1776969625,1584890
1776969626,1585890
1776969627,1586890
1776969628,1587890
1776969629,1588890
1776969630,1589890
1776969631,1590890
1776969632,1591890
1776969633,1592890
1776969634,1593890
1776969635,1594890
1776969636,1595890
1776969637,1596890
1776969638,1597890
1776969639,1598890
1776969640,1599890
1776969641,1600890
1776969642,1601890
1776969643,1602890
1776969644,1603890
1776969645,1604890
1776969646,1605890
1776969647,1606890
1776969648,1607890
1776969649,1608890
1776969650,1609890
1776969651,1610890
1776969652,1611890
1776969653,1612890
1776969655,1614900
1776969655,1614910
1776969656,1615890
1776969657,1616890
1776969658,1617890
1776969659,1618890
1776969660,1619890
1776969661,1620890
1776969662,1621890
1776969663,1622890
1776969664,1623890
1776969665,1624890
1776969666,1625890
1776969667,1626890
1776969668,1627890
1776969669,1628890
1776969670,1629890
1776969671,1630890
1776969672,1631890
1776969673,1632890
1776969674,1633890
1776969675,1634890
1776969676,1635890
1776969677,1636890
1776969678,1637890
1776969679,1638890
1776969680,1639890
1776969681,1640890
1776969682,1641890
1776969683,1642890
1776969684,1643890
1776969685,1644890
1776969686,1645890
1776969687,1646890
1776969688,1647890
1776969689,1648890
1776969690,1649890
1776969691,1650890
1776969692,1651890
1776969693,1652890
1776969694,1653890
1776969695,1654890
1776969698,1657900
1776969698,1657900
1776969699,1658890
1776969700,1659890
1776969701,1660890
1776969702,1661890
1776969703,1662890
1776969704,1663890
1776969705,1664890
1776969706,1665890
1776969707,1666890
1776969708,1667890
1776969709,1668890
1776969710,1669890
1776969711,1670890
1776969713,1672900
1776969713,1672910
1776969714,1673890
1776969715,1674890
1776969716,1675890
1776969717,1676890
1776969718,1677890
1776969719,1678890
1776969720,1679890
1776969721,1680890
1776969722,1681890
1776969723,1682890
1776969724,1683890
1776969725,1684890
1776969726,1685890
1776969727,1686890
1776969728,1687890
1776969729,1688890
1776969730,1689890
1776969731,1690890
1776969732,1691890
1776969733,1692890
1776969734,1693890
1776969735,1694890
1776969736,1695890
1776969737,1696890
1776969739,1698900
1776969739,1698900
1776969740,1699890
1776969741,1700890
1776969742,1701890
1776969743,1702890
1776969744,1703890
1776969745,1704890
1776969746,1705890
1776969747,1706890
1776969748,1707890
1776969749,1708890
1776969750,1709890
1776969751,1710890
1776969752,1711890
1776969753,1712890
1776969754,1713890
1776969755,1714890
1776969756,1715890
1776969757,1716890
1776969758,1717890
1776969759,1718890
1776969760,1719890
1776969761,1720890
1776969762,1721890
1776969763,1722890
1776969764,1723890
1776969765,1724890
1776969766,1725890
1776969767,1726890
1776969768,1727890
1776969769,1728890
1776969770,1729890
1776969771,1730890
1776969772,1731890
1776969773,1732890
1776969774,1733890
1776969775,1734890
1776969776,1735890
1776969777,1736890
1776969778,1737890
1776969779,1738890
1776969780,1739890
1776969781,1740890
1776969782,1741890
1776969783,1742890
1776969784,1743890
1776969785,1744890
1776969786,1745890
1776969787,1746890
1776969788,1747890
1776969789,1748890
1776969790,1749890
1776969791,1750890
1776969792,1751890
1776969793,1752890
1776969794,1753890
1776969795,1754890
1776969796,1755890
1776969797,1756890
1776969798,1757890
1776969799,1758890
1776969800,1759890
1776969801,1760890
1776969802,1761890
1776969803,1762890
1776969804,1763890
1776969805,1764890
1776969806,1765890
1776969807,1766890
1776969808,1767890
1776969809,1768890
1776969810,1769890
1776969811,1770900
1776969812,1771900
1776969813,1772900
1776969814,1773900
1776969815,1774900
1776969816,1775900
1776969817,1776900
1776969818,1777900
1776969819,1778900
1776969820,1779900
1776969821,1780900
1776969822,1781900
1776969823,1782900
1776969824,1783900
1776969825,1784900
1776969826,1785900
1776969827,1786900
1776969828,1787900
1776969829,1788900
1776969830,1789900
1776969831,1790900
1776969832,1791900
1776969833,1792900
1776969834,1793900
1776969835,1794900
1776969836,1795900
1776969837,1796900
1776969838,1797900
1776969839,1798900
1776969840,1799900
1776969841,1800900
1776969842,1801900
1776969843,1802900
1776969844,1803900
1776969845,1804900
1776969846,1805900
1776969847,1806900
1776969849,1807900
1776969849,1808900
1776969850,1809900
1776969851,1810900
1776969852,1811900
1776969853,1812900
1776969854,1813900
1776969855,1814900
1776969856,1815900
1776969857,1816900
1776969858,1817900
1776969859,1818900
1776969860,1819900
1776969861,1820900
1776969862,1821900
1776969863,1822900
1776969864,1823900
1776969865,1824900
1776969866,1825900
1776969867,1826900
1776969868,1827900
1776969869,1828900
1776969870,1829900
1776969871,1830900
1776969872,1831900
1776969873,1832900
1776969874,1833900
1776969875,1834900
1776969876,1835900
1776969877,1836900
1776969878,1837900
1776969879,1838900
1776969880,1839900
1776969881,1840900
1776969882,1841900
1776969883,1842900
1776969884,1843900
1776969885,1844900
1776969886,1845900
1776969887,1846900
1776969888,1847910
1776969889,1848910
1776969890,1849910
1776969891,1850910
1776969892,1851910
1776969893,1852910
1776969894,1853910
1776969895,1854910
1776969896,1855910
1776969897,1856910
1776969898,1857910
1776969899,1858910
1776969902,1861400
1776969902,1861430
1776969902,1861910
1776969903,1862910
1776969904,1863910
1776969905,1864910
1776969906,1865910
1776969907,1866910
1776969908,1867910
1776969909,1868910
1776969910,1869910
1776969911,1870910
1776969912,1871910
1776969913,1872910
1776969914,1873910
1776969915,1874910
1776969916,1875910
1776969917,1876910
1776969918,1877910
1776969919,1878910
1776969920,1879910
1776969921,1880910
1776969922,1881910
1776969923,1882910
1776969924,1883910
1776969925,1884910
1776969926,1885910
1776969927,1886910
1776969928,1887910
1776969929,1888910
1776969930,1889910
1776969931,1890910
1776969932,1891910
1776969933,1892910
1776969934,1893910
1776969935,1894910
1776969936,1895910
1776969937,1896910
1776969938,1897910
1776969939,1898910
1776969940,1899910
1776969941,1900910
1776969942,1901910
1776969943,1902910
1776969944,1903910
1776969945,1904910
1776969946,1905910
1776969947,1906910
1776969948,1907910
1776969949,1908910
1776969950,1909910
1776969951,1910910
1776969952,1911910
1776969953,1912910
1776969954,1913910
1776969955,1914910
1776969956,1915910
1776969957,1916910
1776969958,1917910
1776969959,1918910
1776969960,1919910
1776969961,1920910
1776969962,1921910
1776969963,1922910
1776969964,1923910
1776969965,1924910
1776969966,1925910
1776969967,1926910
1776969968,1927910
1776969969,1928910
1776969971,1929920
1776969971,1930920
1776969972,1931920
1776969973,1932920
1776969974,1933920
1776969975,1934920
1776969976,1935920
1776969977,1936920
1776969978,1937920
1776969979,1938920
1776969980,1939920
1776969981,1940920
1776969982,1941920
1776969983,1942920
1776969984,1943920
1776969985,1944920
1776969986,1945920
1776969987,1946920
1776969988,1947920
1776969989,1948920
1776969990,1949920
1776969991,1950920
1776969992,1951920
1776969993,1952920
1776969994,1953920
1776969995,1954920
1776969996,1955920
1776969997,1956920
1776969998,1957920
1776969999,1958920