arrival_time,tsval
1777266921.9479394,84620
1777266922.1522434,84820
1777266922.2094014,84880
1777266922.301063,84970
1777266922.4018073,85070
1777266922.5743256,85230
1777266922.768807,85430
1777266922.8151245,85480
1777266922.898395,85570
1777266923.0009582,85670
1777266923.1080694,85770
1777266923.202421,85870
1777266923.3001962,85970
1777266923.3995557,86070
1777266923.5873275,86250
1777266923.6392589,86310
1777266923.699832,86370
1777266923.805378,86470
1777266923.9989266,86660
1777266924.0480106,86710
1777266924.2091308,86870
1777266924.4149976,87080
1777266924.499048,87170
1777266924.6173391,87280
1777266924.6986396,87370
1777266924.812872,87480
1777266924.899687,87570
1777266925.021962,87690
1777266925.0994189,87770
1777266925.1993353,87870
1777266925.3026407,87970
1777266925.4001055,88070
1777266925.5018013,88170
1777266925.6013741,88270
1777266925.7062724,88370
1777266925.800181,88470
1777266925.8983085,88570
1777266925.9995456,88670
1777266926.1102715,88770
1777266926.2519734,88920
1777266926.304095,88970
1777266926.4586642,89120
1777266926.6611898,89330
1777266926.866689,89530
1777266927.069174,89730
1777266927.2776315,89940
1777266927.481532,90140
1777266927.5324318,90200
1777266927.6011791,90270
1777266927.7017803,90370
1777266927.799309,90470
1777266927.9019673,90570
1777266928.000789,90670
1777266928.111169,90770
1777266928.3015263,90970
1777266928.4005964,91070
1777266928.5047936,91170
1777266928.7117443,91370
1777266928.917038,91580
1777266929.1226747,91780
1777266929.3222022,91990
1777266929.5351853,92190
1777266929.733162,92400
1777266929.8066661,92470
1777266929.9425082,92600
1777266930.1434884,92810
1777266930.2075148,92870
1777266930.3464468,93010
1777266930.5484834,93220
1777266930.75315,93420
1777266930.8115315,93470
1777266930.9754689,93630
1777266931.02562,93690
1777266931.1692734,93830
1777266931.3751376,94040
1777266931.573868,94240
1777266931.7893736,94450
1777266931.8369613,94500
1777266931.9007416,94570
1777266932.004375,94670
1777266932.1147811,94770
1777266932.1978111,94870
1777266932.3948925,95060
1777266932.442974,95110
1777266932.5021024,95170
1777266932.6024575,95270
1777266932.8019652,95470
1777266932.8483622,95520
1777266932.904566,95570
1777266933.0195599,95670
1777266933.2110379,95880
1777266933.2988527,95970
1777266933.4006126,96070
1777266933.623637,96290
1777266933.7006323,96370
1777266933.8014166,96470
1777266934.0398748,96700
1777266934.1000578,96770
1777266934.2397985,96900
1777266934.4411826,97110
1777266934.6508362,97310
1777266934.7081628,97370
1777266934.8560905,97520
1777266934.9221265,97570
1777266935.0071652,97670
1777266935.2626119,97930
1777266935.3142943,97980
1777266935.400917,98070
1777266935.6715915,98340
1777266935.7234209,98390
1777266935.8046448,98470
1777266935.9128504,98570
1777266936.0150077,98670
1777266936.1057084,98770
1777266936.2078617,98870
1777266936.4916058,99160
1777266936.544135,99210
1777266936.6996784,99360
1777266936.7566006,99410
1777266936.8083107,99480
1777266936.9039721,99570
1777266937.1176722,99770
1777266937.2041295,99870
1777266937.3191931,99970
1777266937.4092693,100070
1777266937.5026562,100170
1777266937.5995398,100270
1777266937.7073965,100370
1777266937.8050022,100470
1777266937.9250102,100590
1777266938.0008664,100670
1777266938.0997908,100770
1777266938.3417706,101000
1777266938.541113,101210
1777266938.7494438,101410
1777266938.810648,101470
1777266938.8999527,101570
1777266939.0043073,101670
1777266939.1536613,101820
1777266939.202338,101870
1777266939.301155,101970
1777266939.5620337,102230
1777266939.76879,102430
1777266939.8220134,102490
1777266939.906191,102570
1777266940.190177,102840
1777266940.3884454,103050
1777266940.592982,103250
1777266940.7950664,103460
1777266941.0063126,103660
1777266941.057568,103720
1777266941.2071333,103870
1777266941.4108114,104070
1777266941.4999373,104170
1777266941.6067169,104270
1777266941.8220494,104480
1777266942.0230553,104680
1777266942.2285478,104890
1777266942.438339,105100
1777266942.4993436,105170
1777266942.6057158,105270
1777266942.7095296,105370
1777266942.8419566,105500
1777266942.9036005,105570
1777266943.043995,105710
1777266943.253383,105920
1777266943.4570556,106120
1777266943.6636114,106330
1777266943.8589025,106530
1777266944.0724092,106730
1777266944.128261,106790
1777266944.212547,106870
1777266944.3020222,106970
1777266944.401954,107070
1777266944.506107,107170
1777266944.6015778,107270
1777266944.7029939,107370
1777266944.800664,107470
1777266944.9012759,107570
1777266945.002201,107670
1777266945.1028597,107770
1777266945.295926,107960
1777266945.347671,108010
1777266945.400568,108070
1777266945.505951,108170
1777266945.7082765,108380
1777266945.9131637,108580
1777266946.1223366,108780
1777266946.1993883,108870
1777266946.303249,108970
1777266946.525692,109190
1777266946.6015477,109270
1777266946.7043078,109370
1777266946.9479117,109600
1777266947.0147214,109670
1777266947.1492233,109810
1777266947.3568015,110010
1777266947.4084415,110070
1777266947.5689428,110220
1777266947.6348357,110290
1777266947.7045357,110370
1777266947.9615512,110630
1777266948.0204678,110680
1777266948.1084905,110770
1777266948.373951,111040
1777266948.576097,111240
1777266948.781531,111450
1777266948.9892075,111650
1777266949.0384452,111710
1777266949.0994945,111770
1777266949.204141,111870
1777266949.3034768,111970
1777266949.4002025,112070
1777266949.5996492,112260
1777266949.8047879,112470
1777266950.013765,112680
1777266950.0999882,112770
1777266950.2230766,112880
1777266950.4154634,113080
1777266950.6233237,113290
1777266950.700297,113370
1777266950.8035772,113470
1777266951.0297658,113700
1777266951.0990345,113770
1777266951.2463808,113910
1777266951.4428592,114110
1777266951.6518857,114310
1777266951.7063634,114370
1777266951.8582625,114510
1777266951.9031599,114570
1777266952.0015314,114670
1777266952.2636619,114920
1777266952.4705846,115130
1777266952.6684997,115340
1777266952.7192843,115380
1777266952.8807309,115540
1777266952.9369137,115600
1777266953.0841796,115750
1777266953.1393967,115800
1777266953.2842119,115950
1777266953.4941738,116160
1777266953.693466,116360
1777266953.7487235,116410
1777266953.9032242,116560
1777266954.106728,116770
1777266954.309474,116980
1777266954.5107777,117180
1777266954.6026232,117270
1777266954.6993632,117370
1777266954.921078,117590
1777266955.129004,117790
1777266955.197539,117870
1777266955.3383987,118000
1777266955.544752,118210
1777266955.7439797,118410
1777266955.956008,118610
1777266956.0106928,118670
1777266956.1538587,118820
1777266956.2208264,118870
1777266956.302199,118970
1777266956.5631866,119230
1777266956.6133583,119280
1777266956.765007,119430
1777266956.8265822,119480
1777266956.9782848,119640
1777266957.1806815,119840
1777266957.387813,120050
1777266957.5472808,120210
1777266957.5980253,120270
1777266957.7936547,120450
1777266957.8499336,120520
1777266958.0062723,120660
1777266958.204161,120870
1777266958.3103693,120970
1777266958.406158,121070
1777266958.5016356,121170
1777266958.6085134,121270
1777266958.8134973,121480
1777266958.8987854,121570
1777266958.9997015,121670
1777266959.1048243,121770
1777266959.202114,121870
1777266959.2993548,121970
1777266959.3993201,122070
1777266959.5010185,122170
1777266959.6342964,122300
1777266959.698633,122370
1777266959.799518,122470
1777266960.0451775,122710
1777266960.2553866,122910
1777266960.4562004,123120
1777266960.6591146,123320
1777266960.7212758,123380
1777266960.8627148,123530
1777266960.9158685,123580
1777266961.0021522,123670
1777266961.1026692,123770
1777266961.2026606,123870
1777266961.2984679,123970
1777266961.4040184,124070
1777266961.5026872,124170
1777266961.5995922,124270
1777266961.701883,124370
1777266961.886591,124550
1777266961.947164,124610
1777266962.0889845,124760
1777266962.2966452,124960
1777266962.3475237,125020
1777266962.397699,125070
1777266962.51183,125170
1777266962.7040408,125370
1777266962.8018787,125470
1777266962.9159458,125570
1777266962.9999356,125670
1777266963.116263,125770
1777266963.3193705,125980
1777266963.4012198,126070
1777266963.500154,126170
1777266963.6041088,126270
1777266963.736182,126390
1777266963.8035903,126470
1777266963.904231,126570
1777266963.9990456,126670
1777266964.10042,126770
1777266964.3467436,127010
1777266964.4046502,127070
1777266964.4990156,127170
1777266964.6007795,127270
1777266964.7535005,127420
1777266964.8008525,127470
1777266964.958532,127620
1777266965.1639366,127830
1777266965.2165878,127880
1777266965.3654199,128030
1777266965.579354,128240
1777266965.6259656,128290
1777266965.7105505,128370
1777266965.985038,128650
1777266966.1903346,128850
1777266966.3909497,129060
1777266966.445576,129110
1777266966.4998326,129170
1777266966.6006966,129270
1777266966.698675,129370
1777266966.8004043,129470
1777266966.9032369,129570
1777266967.007702,129670
1777266967.2102497,129880
1777266967.418815,130090
1777266967.6182907,130290
1777266967.698684,130370
1777266967.7994764,130470
1777266968.037669,130700
1777266968.0996625,130770
1777266968.2000303,130870
1777266968.3042908,130970
1777266968.440789,131100
1777266968.5035932,131170
1777266968.6477506,131310
1777266968.7090623,131370
1777266968.8056924,131470
1777266968.898367,131570
1777266968.9996574,131670
1777266969.2581348,131920
1777266969.3055825,131970
1777266969.4015794,132070
1777266969.6681836,132330
1777266969.8765092,132540
1777266970.0783854,132740
1777266970.1294117,132800
1777266970.1984284,132870
1777266970.299945,132970
1777266970.4018471,133070
1777266970.49952,133170
1777266970.6012242,133270
1777266970.7018712,133370
1777266970.798774,133470
1777266970.8987958,133570
1777266970.9993985,133670
1777266971.101994,133770
1777266971.3095214,133970
1777266971.5139728,134180
1777266971.5977674,134270
1777266971.721817,134380
1777266971.9227803,134590
1777266972.1267247,134790
1777266972.3324497,135000
1777266972.3995337,135070
1777266972.5058973,135170
1777266972.6001432,135270
1777266972.701821,135370
1777266972.94654,135610
1777266973.1516924,135810
1777266973.3538036,136020
1777266973.5610898,136220
1777266973.7666469,136430
1777266973.8175085,136480
1777266973.9745939,136640
1777266974.1825829,136840
1777266974.3777869,137040
1777266974.4303918,137090
1777266974.5849593,137250
1777266974.812214,137460
1777266975.0038383,137660
1777266975.1934764,137860
1777266975.259938,137910
1777266975.4034636,138070
1777266975.4996395,138170
1777266975.6035717,138270
1777266975.8148425,138480
1777266976.0182047,138680
1777266976.2213833,138890
1777266976.298523,138970
1777266976.399776,139070
1777266976.5057917,139170
1777266976.6363509,139300
1777266976.7071695,139370
1777266976.8417523,139500
1777266976.9014363,139570
1777266977.0005517,139670
1777266977.2509794,139920
1777266977.4526398,140120
1777266977.6611803,140320
1777266977.8598657,140530
1777266978.0646017,140730
1777266978.1232505,140790
1777266978.2774935,140940
1777266978.3383176,140990
1777266978.4033308,141070
1777266978.510365,141170
1777266978.5985172,141270
1777266978.7020042,141370
1777266978.8935475,141550
1777266979.0861678,141750
1777266979.1408176,141800
1777266979.3021595,141960
1777266979.3578491,142020
1777266979.4211102,142080
1777266979.5013177,142170
1777266979.6046069,142270
1777266979.706283,142370
1777266979.8025494,142470
1777266979.9116986,142580
1777266980.1185846,142780
1777266980.32184,142990
1777266980.398926,143070
1777266980.5062277,143170
1777266980.6026356,143270
1777266980.7037694,143370
1777266980.942466,143600
1777266981.1399455,143810
1777266981.3447802,144010
1777266981.4031668,144070
1777266981.5455706,144210
1777266981.6060393,144270
1777266981.7517905,144420
1777266981.8007884,144470
1777266981.8986707,144570
1777266982.1601837,144830
1777266982.3689084,145040
1777266982.4237812,145090
1777266982.5687366,145240
1777266982.774437,145440
1777266982.828624,145490
1777266982.9803238,145650
1777266983.0290723,145690
1777266983.18565,145850
1777266983.3900146,146060
1777266983.593862,146260
1777266983.6471014,146320
1777266983.6994548,146370
1777266983.8026907,146470
1777266983.9023864,146570
1777266984.002707,146670
1777266984.1089344,146770
1777266984.201485,146870
1777266984.29873,146970
1777266984.4177675,147070
1777266984.4990864,147170
1777266984.5968676,147270
1777266984.7004747,147370
1777266984.7984126,147470
1777266984.9004343,147570
1777266984.9982808,147670
1777266985.1013455,147770
1777266985.200799,147870
1777266985.3017123,147970
1777266985.4016256,148070
1777266985.5015318,148170
1777266985.643711,148310
1777266985.845803,148510
1777266985.9018483,148570
1777266986.0552244,148720
1777266986.1033118,148770
1777266986.200895,148870
1777266986.461769,149130
1777266986.5102797,149180
1777266986.6023395,149270
1777266986.69905,149370
1777266986.8017216,149470
1777266986.9100919,149570
1777266987.0019126,149670
1777266987.1011992,149770
1777266987.1993175,149870
1777266987.298399,149970
1777266987.3995163,150070
1777266987.5077834,150170
1777266987.699205,150360
1777266987.755418,150420
1777266987.8042984,150470
1777266987.8985035,150570
1777266988.1006298,150760
1777266988.302605,150970
1777266988.5097618,151180
1777266988.6088688,151270
1777266988.697478,151370
1777266988.800168,151470
1777266988.9188852,151590
1777266988.9984286,151670
1777266989.102411,151770
1777266989.3306427,152000
1777266989.5345523,152200
1777266989.7418737,152400
1777266989.802964,152470
1777266989.905048,152570
1777266990.1464596,152810
1777266990.2015915,152870
1777266990.3014815,152970
1777266990.4021568,153070
1777266990.500387,153170
1777266990.5993357,153270
1777266990.7652254,153430
1777266990.8129146,153480
1777266990.906555,153570
1777266990.999052,153670
1777266991.100677,153770
1777266991.21219,153870
1777266991.3033273,153970
1777266991.3989298,154070
1777266991.5843775,154250
1777266991.6467257,154310
1777266991.7858617,154450
1777266991.8312051,154500
1777266991.9002671,154570
1777266992.0005352,154670
1777266992.0978487,154770
1777266992.2193265,154870
1777266992.2991543,154970
1777266992.400623,155070
1777266992.4981685,155170
1777266992.5969322,155270
1777266992.81015,155480
1777266992.906868,155570
1777266993.0017374,155670
1777266993.2203765,155890
1777266993.2986789,155970
1777266993.4024603,156070
1777266993.4997997,156170
1777266993.630722,156300
1777266993.6996422,156370
1777266993.80545,156470
1777266993.905623,156570
1777266994.0381975,156710
1777266994.099528,156770
1777266994.2011228,156870
1777266994.3040233,156970
1777266994.4551342,157110
1777266994.5090218,157180
1777266994.6542568,157320
1777266994.722705,157380
1777266994.7987483,157470
1777266994.9077146,157570
1777266995.0024672,157670
1777266995.1029801,157770
1777266995.2012892,157870
1777266995.3040245,157970
1777266995.4766204,158140
1777266995.53661,158200
1777266995.6788886,158340
1777266995.737968,158400
1777266995.8007748,158470
1777266995.9283414,158570
1777266996.000988,158670
1777266996.0995533,158770
1777266996.2012932,158870
1777266996.3006203,158970
1777266996.398918,159070
1777266996.4985623,159170
1777266996.6008427,159270
1777266996.7034338,159370
1777266996.8069901,159470
1777266996.9002967,159570
1777266997.0034308,159670
1777266997.1129758,159780
1777266997.3221183,159980
1777266997.3980122,160070
1777266997.5086145,160170
1777266997.5999022,160270
1777266997.697638,160370
1777266997.8002236,160470
1777266997.9005096,160570
1777266998.1347768,160800
1777266998.199078,160870
1777266998.3359988,161000
1777266998.3980575,161070
1777266998.5037677,161170
1777266998.599823,161270
1777266998.7092364,161370
1777266998.799317,161470
1777266998.899257,161570
1777266998.9985676,161670
1777266999.161289,161830
1777266999.211259,161880
1777266999.3030646,161970
1777266999.3978589,162070
1777266999.4992726,162170
1777266999.598567,162270
1777266999.7769878,162440
1777266999.834185,162500
1777266999.9898634,162640
1777267000.0602727,162720
1777267000.1164176,162780
1777267000.390006,163060
1777267000.4372926,163100
1777267000.5020804,163170
1777267000.6013381,163270
1777267000.7006366,163370
1777267000.7989264,163470
1777267001.0012743,163670
1777267001.2115297,163870
1777267001.3049834,163970
1777267001.4107845,164080
1777267001.5009189,164170
1777267001.5965972,164270
1777267001.6991813,164370
1777267001.8221798,164490
1777267002.0298593,164690
1777267002.1023793,164770
1777267002.2325501,164900
1777267002.4438157,165100
1777267002.6386821,165310
1777267002.7045782,165370
1777267002.8521016,165510
1777267002.9093049,165570
1777267003.0497017,165720
1777267003.2624102,165920
1777267003.4619308,166130
1777267003.6765482,166330
1777267003.7248502,166390
1777267003.7993243,166470
1777267003.9120328,166570
1777267004.0008786,166670
1777267004.1099935,166770
1777267004.2073722,166870
1777267004.3051722,166970
1777267004.4073014,167070
1777267004.5013387,167170
1777267004.6876462,167360
1777267004.8945088,167560
1777267005.0992472,167760
1777267005.1600153,167820
1777267005.3071916,167970
1777267005.4007332,168070
1777267005.5011747,168170
1777267005.7187028,168380
1777267005.9209821,168580
1777267006.1220014,168790
1777267006.3256254,168990
1777267006.5391946,169200
1777267006.7531989,169400
1777267006.8131788,169480
1777267006.939866,169610
1777267007.1518736,169820
1777267007.3597853,170020
1777267007.555512,170220
1777267007.7617805,170430
1777267007.964052,170630
1777267008.0292969,170690
1777267008.173938,170840
1777267008.220414,170890
1777267008.2975066,170970
1777267008.4041336,171070
1777267008.5800807,171250
1777267008.6337388,171300
1777267008.7841086,171450
1777267008.9921193,171650
1777267009.1916447,171860
1777267009.407782,172060
1777267009.4671822,172130
1777267009.6032217,172270
1777267009.7001991,172370
1777267009.8073967,172470
1777267010.0224338,172680
1777267010.2274566,172880
1777267010.4273338,173090
1777267010.6330533,173300
1777267010.8409839,173500
1777267010.8980007,173570
1777267011.0005512,173670
1777267011.2428262,173910
1777267011.311541,173970
1777267011.449012,174110
1777267011.657094,174320
1777267011.7188182,174380
1777267011.8560643,174520
1777267012.0674534,174730
1777267012.2690332,174940
1777267012.3282948,174990
1777267012.4045799,175070
1777267012.506658,175170
1777267012.6024528,175270
1777267012.698543,175370
1777267012.882577,175550
1777267013.0909665,175760
1777267013.1464887,175810
1777267013.291192,175960
1777267013.346835,176010
1777267013.4982884,176160
1777267013.548018,176220
1777267013.727342,176360
1777267013.907625,176570
1777267014.1147978,176770
1777267014.313565,176980
1777267014.5215306,177180
1777267014.6053276,177270
1777267014.7229855,177390
1777267014.8006148,177470
1777267014.8972108,177570
1777267014.9994957,177670
1777267015.1386685,177800
1777267015.336732,178000
1777267015.3995175,178070
1777267015.5031722,178170
1777267015.6066496,178270
1777267015.7522583,178410
1777267015.8066618,178470
1777267015.9530659,178620
1777267016.0069318,178670
1777267016.15662,178820
1777267016.206507,178880
1777267016.2996523,178970
1777267016.5711172,179240
1777267016.628149,179290
1777267016.7727158,179440
1777267016.8255608,179490
1777267016.9062443,179570
1777267017.0065196,179670
1777267017.098985,179770
1777267017.1988103,179870
1777267017.3910825,180050
1777267017.5462694,180210
1777267017.8023522,180460
1777267018.0037463,180670
1777267018.2100651,180870
1777267018.4112668,181080
1777267018.6182559,181280
1777267018.8258429,181480
1777267018.9018426,181570
1777267019.0013778,181670
1777267019.0983155,181770
1777267019.2278047,181900
1777267019.2993932,181970
1777267019.437031,182100
1777267019.4986992,182170
1777267019.602419,182270
1777267019.6986551,182370
1777267019.8029292,182470
1777267020.048352,182710
1777267020.1081207,182770
1777267020.2584093,182920
1777267020.3020906,182970
1777267020.4020288,183070
1777267020.6653812,183330
1777267020.872594,183540
1777267021.0743895,183740
1777267021.136387,183800
1777267021.277375,183940
1777267021.336967,184000
1777267021.4861622,184150
1777267021.5362227,184200
1777267021.6012914,184270
1777267021.7037623,184370
1777267021.830506,184470
1777267021.9003694,184570
1777267022.0143943,184670
1777267022.0970714,184770
1777267022.3063252,184970
1777267022.5046706,185170
1777267022.7157073,185380
1777267022.8001232,185470
1777267022.9210465,185580
1777267023.1290832,185790
1777267023.329407,186000
1777267023.5321229,186200
1777267023.7350388,186400
1777267023.8128955,186470
1777267023.9447687,186600
1777267024.0013597,186670
1777267024.1058753,186770
1777267024.3570778,187020
1777267024.4153636,187080
1777267024.558327,187220
1777267024.7599468,187430
1777267024.96654,187630
1777267025.024658,187690
1777267025.1687388,187830
1777267025.3769524,188040
1777267025.4469147,188090
1777267025.523442,188180
1777267025.7929084,188450
1777267025.9907475,188650
1777267026.0516367,188710
1777267026.19903,188860
1777267026.2468908,188910
1777267026.3996334,189060
1777267026.600454,189270
1777267026.6986568,189370
1777267026.8052702,189470
1777267026.917689,189570
1777267027.0099587,189680
1777267027.1021645,189770
1777267027.2147453,189880
1777267027.300371,189970
1777267027.399691,190070
1777267027.6272411,190290
1777267027.701515,190370
1777267027.8063939,190470
1777267027.9044788,190570
1777267028.0063682,190670
1777267028.242468,190910
1777267028.3042789,190970
1777267028.44849,191110
1777267028.4981685,191170
1777267028.6019297,191270
1777267028.7061765,191370
1777267028.8613086,191520
1777267028.9173322,191590
1777267029.0049937,191670
1777267029.1007752,191770
1777267029.2059293,191870
1777267029.4707146,192140
1777267029.5245776,192190
1777267029.6008205,192270
1777267029.7046669,192370
1777267029.8087125,192470
1777267029.927514,192570
1777267030.0000792,192670
1777267030.1049836,192770
1777267030.1972594,192870
1777267030.3027627,192970
1777267030.3997366,193070
1777267030.5049276,193170
1777267030.6957529,193360
1777267030.7584114,193420
1777267030.8123,193480
1777267030.9079692,193570
1777267031.1100986,193780
1777267031.3156009,193980
1777267031.401696,194070
1777267031.518822,194180
1777267031.6038833,194270
1777267031.7271795,194390
1777267031.9318435,194590
1777267032.136373,194800
1777267032.2060657,194870
1777267032.3537095,195000
1777267032.5400624,195210
1777267032.753981,195410
1777267032.9513433,195620
1777267033.0029938,195670
1777267033.1566982,195820
1777267033.2046587,195870
1777267033.301802,195970
1777267033.5677013,196230
1777267033.7712195,196440
1777267033.9745927,196640
1777267034.187538,196850
1777267034.3880804,197050
1777267034.5883892,197260
1777267034.7937381,197460
1777267034.8452644,197510
1777267034.901053,197570
1777267035.0062468,197670
1777267035.2051902,197870
1777267035.4179964,198070
1777267035.5010488,198170
1777267035.61495,198280
1777267035.7031503,198370
1777267035.8239853,198480
1777267035.9019027,198570
1777267036.0030174,198670
1777267036.0998948,198770
1777267036.2018545,198870
1777267036.4389076,199100
1777267036.6400337,199300
1777267036.8457546,199510
1777267037.0579615,199710
1777267037.2753735,199920
1777267037.459477,200120
1777267037.514347,200180
1777267037.5996811,200270
1777267037.6994398,200370
1777267037.8644466,200530
1777267037.915236,200580
1777267038.073109,200740
1777267038.2760074,200940
1777267038.480799,201150
1777267038.544676,201200
1777267038.6805575,201350
1777267038.8948355,201560
1777267039.1004062,201760
1777267039.3028545,201970
1777267039.505004,202170
1777267039.5991516,202270
1777267039.7138183,202380
1777267039.8001575,202470
1777267039.9178693,202580
1777267040.1294003,202780
1777267040.3246243,202990
1777267040.4028685,203070
1777267040.5014362,203170
1777267040.747969,203400
1777267040.8035676,203470
1777267040.9415147,203600
1777267041.1484172,203810
1777267041.3477058,204010
1777267041.553472,204220
1777267041.7660291,204420
1777267041.817195,204480
1777267041.9626143,204630
1777267042.1730824,204840
1777267042.2220266,204890
1777267042.382985,205040
1777267042.5775769,205250
1777267042.784126,205450
1777267042.9853723,205650
1777267043.1962345,205860
1777267043.2480252,205910
1777267043.3994584,206060
1777267043.4531925,206120
1777267043.6016328,206270
1777267043.7047222,206370
1777267043.8053305,206470
1777267043.9127686,206570
1777267044.009961,206670
1777267044.0976484,206770
1777267044.200893,206870
1777267044.4183168,207090
1777267044.6300855,207290
1777267044.70064,207370
1777267044.8345973,207500
1777267044.8984923,207570
1777267044.9998198,207670
1777267045.2406168,207900
1777267045.2997634,207970
1777267045.44343,208110
1777267045.6490781,208310
1777267045.7097192,208370
1777267045.800001,208470
1777267046.0555634,208720
1777267046.1156428,208780
1777267046.206748,208870
1777267046.308368,208970
1777267046.39795,209070
1777267046.5028818,209170
1777267046.670991,209340
1777267046.8747811,209540
1777267047.0868857,209750
1777267047.1351173,209800
1777267047.2008944,209870
1777267047.2982316,209970
1777267047.3976626,210070
1777267047.5066826,210170
1777267047.6020448,210270
1777267047.6986756,210370
1777267047.9064627,210570
1777267048.1049826,210770
1777267048.3116665,210980
1777267048.3969078,211070
1777267048.5165808,211180
1777267048.5975187,211270
1777267048.7025,211370
1777267048.8018675,211470
1777267048.898043,211570
1777267049.1335325,211800
1777267049.3359077,212000
1777267049.5368028,212210
1777267049.741218,212410
1777267049.9495802,212620
1777267049.9998713,212670
1777267050.1009953,212770
1777267050.1998446,212870
1777267050.310819,212970
1777267050.3987784,213070
1777267050.4965255,213170
1777267050.599183,213270
1777267050.7667775,213430
1777267050.9695108,213640
1777267051.0142274,213680
1777267051.0986402,213770
1777267051.2001607,213870
1777267051.2967372,213970
1777267051.3984008,214070
1777267051.4983926,214170
1777267051.6026742,214270
1777267051.69979,214370
1777267051.8007681,214470
1777267051.8977995,214570
1777267052.0019672,214670
1777267052.100603,214770
1777267052.2039545,214870
1777267052.4096072,215070
1777267052.496512,215170
1777267052.610766,215280
1777267052.7016435,215370
1777267052.7989464,215470
1777267052.898042,215570
1777267052.9972568,215670
1777267053.232315,215890
1777267053.4329498,216100
1777267053.6352413,216300
1777267053.8392203,216510
1777267053.8998728,216570
1777267054.0435984,216710
1777267054.0977566,216770
1777267054.2487943,216920
1777267054.2996945,216970
1777267054.4037788,217070
1777267054.4982023,217170
1777267054.600053,217270
1777267054.8683565,217530
1777267054.9286098,217590
1777267055.0668352,217740
1777267055.1235523,217790
1777267055.1977246,217870
1777267055.3103328,217970
1777267055.397914,218070
1777267055.496952,218170
1777267055.5979228,218270
1777267055.697408,218370
1777267055.7968168,218470
1777267055.8997858,218570
1777267055.9994245,218670
1777267056.1045563,218770
1777267056.2923515,218960
1777267056.350093,219020
1777267056.503361,219170
1777267056.5959885,219270
1777267056.6983392,219370
1777267056.7979615,219470
1777267056.899786,219570
1777267057.000221,219670
1777267057.1170323,219780
1777267057.2232394,219870
1777267057.3012054,219970
1777267057.3995779,220070
1777267057.4994524,220170
1777267057.5990918,220270
1777267057.7013733,220370
1777267057.947705,220600
1777267058.00287,220670
1777267058.0980437,220770
1777267058.3469179,221010
1777267058.5547125,221220
1777267058.6100068,221280
1777267058.757803,221420
1777267058.8160496,221480
1777267058.9607399,221630
1777267059.0109026,221680
1777267059.1008341,221770
1777267059.1991181,221870
1777267059.3031645,221970
1777267059.4052446,222070
1777267059.5796514,222240
1777267059.636021,222300
1777267059.7780638,222450
1777267059.8344536,222500
1777267059.8983517,222570
1777267059.9983172,222670
1777267060.0978363,222770
1777267060.1969728,222870
1777267060.2974393,222970
1777267060.3991923,223070
1777267060.597434,223260
1777267060.645484,223310
1777267060.7015493,223370
1777267060.8051472,223470
1777267061.013472,223670
1777267061.0978415,223770
1777267061.2113504,223880
1777267061.4168692,224090
1777267061.496786,224170
1777267061.601761,224270
1777267061.8298075,224490
1777267062.0333095,224700
1777267062.2345874,224900
1777267062.298453,224970
1777267062.4398417,225110
1777267062.646679,225310
1777267062.6998963,225370
1777267062.8014941,225470
1777267062.8991616,225570
1777267062.9966383,225670
1777267063.0990946,225770
1777267063.202108,225870
1777267063.3020291,225970
1777267063.3987782,226070
1777267063.5162423,226170
1777267063.6720152,226340
1777267063.8757815,226540
1777267064.081378,226750
1777267064.1426048,226810
1777267064.2052226,226870
1777267064.3006384,226970
1777267064.4909952,227160
1777267064.5404205,227210
1777267064.5999908,227270
1777267064.6992009,227370
1777267064.8981862,227570
1777267065.003378,227670
1777267065.0991971,227770
1777267065.1987727,227870
1777267065.3110483,227980
1777267065.4049544,228070
1777267065.512737,228180
1777267065.7239323,228380
1777267065.7971852,228470
1777267065.8994231,228570
1777267066.0046487,228670
1777267066.1329975,228790
1777267066.2006075,228870
1777267066.2993765,228970
1777267066.5423946,229200
1777267066.5974996,229270
1777267066.7462196,229410
1777267066.7979848,229470
1777267066.9467506,229610
1777267066.9989963,229670
1777267067.157482,229820
1777267067.2127106,229880
1777267067.2991307,229970
1777267067.5595014,230230
1777267067.6196232,230290
1777267067.7073176,230370
1777267067.8004603,230470
1777267067.8991644,230570
1777267067.99761,230670
1777267068.1002371,230770
1777267068.2068045,230870
1777267068.3001943,230970
1777267068.396773,231070
1777267068.4999163,231170
1777267068.5974987,231270
1777267068.6990042,231370
1777267068.8013325,231470
1777267068.89936,231570
1777267069.0005345,231670
1777267069.0965967,231770
1777267069.1990495,231870
1777267069.3060822,231970
1777267069.404795,232070
1777267069.5001805,232170
1777267069.6122985,232280
1777267069.6977577,232370
1777267069.7992334,232470
1777267069.8986602,232570
1777267069.9996433,232670
1777267070.2230637,232890
1777267070.2973924,232970
1777267070.4292536,233100
1777267070.508367,233170
1777267070.5969415,233270
1777267070.700926,233370
1777267070.8396988,233510
1777267071.047921,233710
1777267071.1021693,233770
1777267071.1972532,233870
1777267071.4547908,234120
1777267071.5057292,234180
1777267071.598944,234270
1777267071.7187958,234370
1777267071.803492,234470
1777267071.9044874,234570
1777267072.0060809,234670
1777267072.0987287,234770
1777267072.2028723,234870
1777267072.4810061,235140
1777267072.6770308,235350
1777267072.7263813,235400
1777267072.7986062,235470
1777267072.9029133,235570
1777267072.9973614,235670
1777267073.09939,235770
1777267073.2013395,235870
1777267073.2991118,235970
1777267073.397606,236070
1777267073.500327,236170
1777267073.606751,236270
1777267073.710387,236370
1777267073.8043573,236470
1777267073.9049907,236570
1777267073.9981024,236670
1777267074.0986454,236770
1777267074.2032907,236870
1777267074.2976885,236970
1777267074.4002595,237070
1777267074.4987712,237170
1777267074.6016145,237270
1777267074.7010028,237370
1777267074.8022628,237470
1777267074.9381433,237600
1777267075.1386409,237810
1777267075.196518,237870
1777267075.3053484,237970
1777267075.3975902,238070
1777267075.4985027,238170
1777267075.7524877,238420
1777267075.805693,238470
1777267075.9631567,238620
1777267076.0201302,238690
1777267076.1007175,238770
1777267076.2077403,238870
1777267076.296667,238970
1777267076.3983924,239070
1777267076.5003123,239170
1777267076.6032865,239270
1777267076.78228,239450
1777267076.837734,239510
1777267076.9856982,239650
1777267077.0480738,239710
1777267077.1005347,239770
1777267077.2023299,239870
1777267077.3002672,239970
1777267077.3985217,240070
1777267077.4973152,240170
1777267077.597985,240270
1777267077.6988802,240370
1777267077.8029108,240470
1777267078.0114768,240670
1777267078.1017892,240770
1777267078.198803,240870
1777267078.2987683,240970
1777267078.3983934,241070
1777267078.6298492,241290
1777267078.824656,241490
1777267078.8981886,241570
1777267079.0291653,241700
1777267079.0991738,241770
1777267079.2346084,241900
1777267079.2989016,241970
1777267079.399535,242070
1777267079.5050244,242170
1777267079.6044028,242270
1777267079.6980805,242370
1777267079.7987103,242470
1777267080.0555658,242720
1777267080.1045306,242770
1777267080.2050042,242870
1777267080.301155,242970
1777267080.3983178,243070
1777267080.4998078,243170
1777267080.663712,243330
1777267080.874828,243540
1777267080.9414916,243600
1777267081.0023859,243670
1777267081.0992935,243770
1777267081.2068183,243870
1777267081.298176,243970
1777267081.4017,244070
1777267081.5004585,244170
1777267081.5965753,244270
1777267081.7009802,244370
1777267081.7997394,244470
1777267081.9012294,244570
1777267082.1050177,244770
1777267082.2054026,244870
1777267082.300718,244970
1777267082.3979053,245070
1777267082.5130627,245180
1777267082.5975358,245270
1777267082.699305,245370
1777267082.7978542,245470
1777267082.9005637,245570
1777267082.9990664,245670
1777267083.0977826,245770
1777267083.3287368,246000
1777267083.3968976,246070
1777267083.535415,246200
1777267083.7407477,246410
1777267083.9445508,246610
1777267084.15065,246820
1777267084.356728,247020
1777267084.5614483,247230
1777267084.764425,247430
1777267084.990581,247640
1777267085.1735861,247840
1777267085.388476,248050
1777267085.5875626,248250
1777267085.7865255,248460
1777267085.9991283,248660
1777267086.1991162,248860
1777267086.4036,249070
1777267086.497873,249170
1777267086.5985088,249270
1777267086.8148355,249480
1777267086.9003205,249570
1777267086.9999156,249670
1777267087.097005,249770
1777267087.219946,249890
1777267087.29784,249970
1777267087.4271307,250100
1777267087.6318731,250300
1777267087.869243,250510
1777267088.043197,250710
1777267088.100679,250770
1777267088.2500906,250920
1777267088.2998772,250970
1777267088.3998811,251070
1777267088.4985962,251170
1777267088.6583498,251330
1777267088.7156997,251380
1777267088.796956,251470
1777267089.0701437,251730
1777267089.1230328,251790
1777267089.2701306,251940
1777267089.3226023,251990
1777267089.3993075,252070
1777267089.5024624,252170
1777267089.6001055,252270
1777267089.702038,252370
1777267089.799616,252470
1777267089.8981774,252570
1777267090.0005417,252670
1777267090.0961795,252770
1777267090.300816,252960
1777267090.4984806,253170
1777267090.701937,253370
1777267090.8062556,253470
1777267090.9024205,253570
1777267091.1144133,253780
1777267091.1965368,253870
1777267091.2992337,253970
1777267091.3997877,254070
1777267091.5237842,254190
1777267091.732561,254400
1777267091.797457,254470
1777267091.9044096,254570
1777267091.9982817,254670
1777267092.1047986,254770
1777267092.195612,254870
1777267092.3145964,254970
1777267092.546954,255210
1777267092.5975592,255270
1777267092.7509274,255420
1777267092.968719,255630
1777267093.1646924,255830
1777267093.2274709,255890
1777267093.299769,255970
1777267093.4024348,256070
1777267093.5693214,256240
1777267093.619621,256290
1777267093.704522,256370
1777267093.8022003,256470
1777267093.9001687,256570
1777267093.998272,256670
1777267094.1966763,256850
1777267094.2423594,256910
1777267094.2995276,256970
1777267094.399176,257070
1777267094.4981358,257170
1777267094.5988028,257270
1777267094.7007742,257370
1777267094.8003554,257470
1777267094.9117377,257570
1777267094.9995432,257670
1777267095.101089,257770
1777267095.2009997,257870
1777267095.300158,257970
1777267095.3993988,258070
1777267095.6161857,258290
1777267095.8280258,258490
1777267095.8976705,258570
1777267095.9985874,258670
1777267096.2325795,258900
1777267096.4378922,259100
1777267096.6434517,259310
1777267096.7179706,259370
1777267096.800036,259470
1777267096.9002035,259570
1777267096.998385,259670
1777267097.2643337,259920
1777267097.3254738,259990
1777267097.4574287,260130
1777267097.511218,260180
1777267097.59729,260270
1777267097.703075,260370
1777267097.8750007,260540
1777267098.0755386,260740
1777267098.1254735,260790
1777267098.2902253,260950
1777267098.4856412,261150
1777267098.540362,261210
1777267098.6900227,261360
1777267098.742955,261410
1777267098.8913262,261560
1777267098.9478106,261610
1777267099.1079066,261770
1777267099.3101802,261970
1777267099.4013472,262070
1777267099.5170083,262170
1777267099.59848,262270
1777267099.736758,262370
1777267099.7975035,262470
1777267099.9006398,262570
1777267100.1256506,262790
1777267100.196743,262870
1777267100.3284733,263000
1777267100.3968506,263070
1777267100.496528,263170
1777267100.5981982,263270
1777267100.6983483,263370
1777267100.7974267,263470
1777267100.95144,263610
1777267101.150909,263820
1777267101.1979349,263870
1777267101.3012516,263970
1777267101.3986998,264070
1777267101.505819,264170
1777267101.596143,264270
1777267101.7185235,264370
1777267101.966964,264630
1777267102.1722674,264840
1777267102.378385,265040
1777267102.4299583,265100
1777267102.4968803,265170
1777267102.5986438,265270
1777267102.698774,265370
1777267102.7983477,265470
1777267102.8973107,265570
1777267102.9996588,265670
1777267103.0970242,265770
1777267103.2015247,265870
1777267103.4045448,266070
1777267103.4990451,266170
1777267103.5976064,266270
1777267103.703325,266370
1777267103.799402,266470
1777267103.9019241,266570
1777267104.003484,266670
1777267104.0982432,266770
1777267104.1976757,266870
1777267104.426395,267100
1777267104.6344254,267300
1777267104.6993425,267370
1777267104.7982554,267470
1777267105.0444188,267710
1777267105.0985224,267770
1777267105.2028015,267870
1777267105.4476225,268120
1777267105.4969656,268170
1777267105.6605437,268330
1777267105.7124383,268380
1777267105.8581889,268530
1777267105.912982,268580
1777267105.999062,268670
1777267106.2682345,268940
1777267106.3287778,268990
1777267106.4772272,269140
1777267106.5230725,269190
1777267106.6032305,269270
1777267106.6962533,269370
1777267106.881697,269550
1777267107.0879269,269760
1777267107.2927303,269960
1777267107.346621,270020
1777267107.4021707,270070
1777267107.4973698,270170
1777267107.5999563,270270
1777267107.7037418,270370
1777267107.797963,270470
1777267107.8978941,270570
1777267108.11105,270780
1777267108.2024755,270870
1777267108.2978547,270970
1777267108.4042857,271070
1777267108.4982674,271170
1777267108.5981388,271270
1777267108.7215576,271390
1777267108.9312656,271600
1777267109.0030696,271670
1777267109.1336079,271800
1777267109.2013214,271870
1777267109.298625,271970
1777267109.5489705,272210
1777267109.7445378,272420
1777267109.7976525,272470
1777267109.9534738,272620
1777267110.1606,272830
1777267110.2126982,272880
1777267110.2985773,272970
1777267110.4003038,273070
1777267110.5055795,273170
1777267110.5992048,273270
1777267110.702921,273370
1777267110.8099098,273470
1777267110.9799416,273650
1777267111.0245605,273700
1777267111.0977287,273770
1777267111.1980073,273870
1777267111.3940501,274060
1777267111.4468083,274110
1777267111.5968544,274260
1777267111.6450756,274320
1777267111.6977108,274370
1777267111.798134,274470
1777267111.900793,274570
1777267112.0042953,274670
1777267112.0991118,274770
1777267112.2089741,274870
1777267112.2993505,274970
1777267112.3987389,275070
1777267112.496047,275170
1777267112.599173,275270
1777267112.8237216,275490
1777267112.8992908,275570
1777267113.0264869,275690
1777267113.100437,275770
1777267113.2316132,275900
1777267113.2980247,275970
1777267113.3960755,276070
1777267113.5002332,276170
1777267113.6421304,276310
1777267113.6986246,276370
1777267113.7970297,276470
1777267113.8966563,276570
1777267114.0524702,276720
1777267114.2570555,276920
1777267114.4662588,277130
1777267114.5139005,277180
1777267114.6639986,277330
1777267114.7228115,277390
1777267114.870412,277540
1777267114.9140563,277580
1777267115.0036223,277670
1777267115.1020257,277770
1777267115.2045221,277870
1777267115.3019989,277970
1777267115.398511,278070
1777267115.5005324,278170
1777267115.5955493,278270
1777267115.7000778,278370
1777267115.7989733,278470
1777267115.8972828,278570
1777267115.9969199,278670
1777267116.096823,278770
1777267116.2000463,278870
1777267116.303766,278970
1777267116.40702,279070
1777267116.496768,279170
1777267116.609056,279270
1777267116.6959105,279370
1777267116.7991583,279470
1777267116.900875,279570
1777267117.124245,279790
1777267117.2013164,279870
1777267117.2980032,279970
1777267117.5347295,280200
1777267117.7363906,280400
1777267117.8027282,280470
1777267117.9070802,280570
1777267118.1554143,280810
1777267118.3510425,281020
1777267118.4036715,281070
1777267118.55916,281220
1777267118.7597477,281430
1777267118.8076758,281480
1777267118.9002683,281570
1777267119.000936,281670
1777267119.104821,281770
1777267119.3797834,282040
1777267119.4368327,282100
1777267119.5814533,282250
1777267119.6377406,282300
1777267119.7861545,282450
1777267119.8398623,282510
1777267119.9918847,282660
1777267120.0400517,282710
1777267120.195398,282860
1777267120.4073503,283070
1777267120.4979844,283170
1777267120.59871,283270
1777267120.7022653,283370
1777267120.79767,283470
1777267120.8977757,283570
1777267121.0189862,283680
1777267121.0963845,283770
1777267121.1962361,283870
1777267121.301121,283970
1777267121.3979423,284070
1777267121.5005496,284170
1777267121.6296844,284300
1777267121.700469,284370
1777267121.7981346,284470
1777267121.8986294,284570
1777267122.0000598,284670
1777267122.0991883,284770
1777267122.2439356,284910
1777267122.3040898,284970
1777267122.4062648,285070
1777267122.4988222,285170
1777267122.5977721,285270
1777267122.861831,285530
1777267123.063623,285730
1777267123.2685652,285930
1777267123.3263366,285990
1777267123.4671159,286140
1777267123.52486,286190
1777267123.5961628,286270
1777267123.709527,286370
1777267123.8046143,286470
1777267123.8997126,286570
1777267123.9993632,286670
1777267124.100418,286770
1777267124.1998868,286870
1777267124.298736,286970
1777267124.398965,287070
1777267124.4996266,287170
1777267124.6018612,287270
1777267124.7081072,287370
1777267124.7984054,287470
1777267124.8976576,287570
1777267125.1097462,287780
1777267125.1980739,287870
1777267125.3144488,287980
1777267125.3971486,288070
1777267125.5216577,288190
1777267125.7282586,288390
1777267125.9352567,288600
1777267125.998528,288670
1777267126.101834,288770
1777267126.1994798,288870
1777267126.2963333,288970
1777267126.4000416,289070
1777267126.5445747,289210
1777267126.597524,289270
1777267126.7061255,289370
1777267126.955584,289620
1777267127.1626341,289830
1777267127.2200153,289890
1777267127.3633344,290030
1777267127.4197867,290090
1777267127.5697289,290230
1777267127.621826,290290
1777267127.7697997,290440
1777267127.8210402,290490
1777267127.9768312,290640
1777267128.179466,290850
1777267128.3837059,291050
1777267128.4372869,291110
1777267128.496715,291170
1777267128.5955656,291270
1777267128.800309,291470
1777267129.001856,291670
1777267129.2110305,291870
1777267129.3011036,291970
1777267129.4119585,292080
1777267129.498058,292170
1777267129.6127448,292280
1777267129.6978443,292370
1777267129.820163,292490
1777267129.897237,292570
1777267129.998178,292670
1777267130.1001413,292770
1777267130.1975255,292870
1777267130.4335284,293100
1777267130.6425216,293310
1777267130.6989224,293370
1777267130.7996309,293470
1777267130.8958542,293570
1777267131.049419,293720
1777267131.1074336,293770
1777267131.1984098,293870
1777267131.2965174,293970
1777267131.4003854,294070
1777267131.4970584,294170
1777267131.5995677,294270
1777267131.874353,294530
1777267132.079292,294740
1777267132.1276407,294800
1777267132.1977332,294870
1777267132.312779,294970
1777267132.3988044,295070
1777267132.5132902,295170
1777267132.5963314,295270
1777267132.6966603,295370
1777267132.7973988,295470
1777267132.899407,295570
1777267132.995412,295670
1777267133.102311,295770
1777267133.1995819,295870
1777267133.3008652,295970
1777267133.5127032,296170
1777267133.718799,296380
1777267133.9180367,296580
1777267134.120839,296790
1777267134.3261101,297000
1777267134.3987992,297070
1777267134.5320625,297200
1777267134.5954692,297270
1777267134.6989524,297370
1777267134.938997,297610
1777267134.9974418,297670
1777267135.0984557,297770
1777267135.2025309,297870
1777267135.2986994,297970
1777267135.3973114,298070
1777267135.5620198,298220
1777267135.6148686,298280
1777267135.7004528,298370
1777267135.808475,298470
1777267135.8984082,298570
1777267136.1665027,298840
1777267136.2186024,298890
1777267136.3725996,299040
1777267136.41839,299090
1777267136.4977286,299170
1777267136.5968506,299270
1777267136.6969998,299370
1777267136.810951,299470
1777267136.8975391,299570
1777267136.9972718,299670
1777267137.2016807,299860
1777267137.256849,299930
1777267137.3039978,299970
1777267137.3980389,300070
1777267137.497075,300170
1777267137.6001978,300270
1777267137.8068533,300470
1777267138.0085173,300680
1777267138.097234,300770
1777267138.195914,300870
1777267138.302013,300970
1777267138.396393,301070
1777267138.499192,301170
1777267138.6008897,301270
1777267138.6994176,301370
1777267138.8341022,301500
1777267138.8954606,301570
1777267139.0008867,301670
1777267139.101482,301770
1777267139.2399657,301910
1777267139.307794,301970
1777267139.4517846,302110
1777267139.504018,302180
1777267139.5966935,302270
1777267139.699095,302370
1777267139.860297,302520
1777267139.9243808,302590
1777267140.008338,302670
1777267140.098345,302770
1777267140.1976433,302870
1777267140.475899,303140
1777267140.6823308,303340
1777267140.7389357,303410
1777267140.8770566,303550
1777267140.924776,303590
1777267141.0827765,303750
1777267141.290486,303960
1777267141.3471663,304020
1777267141.4976435,304160
1777267141.5547945,304220
1777267141.6996684,304370
1777267141.8990424,304570
1777267141.9989755,304670
1777267142.1023602,304770
1777267142.1957235,304870
1777267142.29792,304970
1777267142.519249,305190
1777267142.7222974,305390
1777267142.8000379,305470
1777267142.8976405,305570
1777267143.0026164,305670
1777267143.1043649,305770
1777267143.1994164,305870
1777267143.3390687,306010
1777267143.3963294,306070
1777267143.5014005,306170
1777267143.600978,306270
1777267143.7085867,306370
1777267143.8052626,306470
1777267143.9520652,306620
1777267144.0148807,306680
1777267144.1552927,306820
1777267144.2079566,306880
1777267144.29703,306970
1777267144.4013815,307070
1777267144.5648773,307230
1777267144.6137261,307280
1777267144.765396,307440
1777267144.8141415,307480
1777267144.899477,307570
1777267144.997454,307670
1777267145.0953195,307770
1777267145.1965153,307870
1777267145.301561,307970
1777267145.3964372,308070
1777267145.5922928,308260
1777267145.6368167,308310
1777267145.6994338,308370
1777267145.7987072,308470
1777267145.8965614,308570
1777267146.0013242,308670
1777267146.1037998,308770
1777267146.2023206,308870
1777267146.2986255,308970
1777267146.3987727,309070
1777267146.4973166,309170
1777267146.598472,309270
1777267146.8193076,309490
1777267146.8967576,309570
1777267147.0030832,309670
1777267147.2238967,309890
1777267147.432991,310100
1777267147.4978902,310170
1777267147.5988452,310270
1777267147.8416152,310510
1777267147.8954937,310570
1777267148.002303,310670
1777267148.251454,310920
1777267148.457098,311120
1777267148.6667974,311330
1777267148.7254148,311380
1777267148.80462,311470
1777267148.9031153,311570
1777267149.0025756,311670
1777267149.0990639,311770
1777267149.2085743,311870
1777267149.3072443,311970
1777267149.4009614,312070
1777267149.4975252,312170
1777267149.5961185,312270
1777267149.7079508,312370
1777267149.7985425,312470
1777267149.896225,312570
1777267150.0966008,312760
1777267150.1446247,312810
1777267150.197188,312870
1777267150.3000607,312970
1777267150.5043607,313170
1777267150.7125325,313380
1777267150.9186742,313580
1777267150.9980915,313670
1777267151.12398,313790
1777267151.3244493,313990
1777267151.5307283,314190
1777267151.744998,314400
1777267151.9388819,314610
1777267151.9969513,314670
1777267152.142663,314810
1777267152.1962163,314870
1777267152.3463657,315020
1777267152.3958185,315070
1777267152.555711,315220
1777267152.6145997,315280
1777267152.7572813,315430
1777267152.8228104,315480
1777267152.9109192,315570
1777267153.1770835,315830
1777267153.371111,316040
1777267153.4250376,316090
1777267153.5741472,316240
1777267153.621984,316290
1777267153.701828,316370
1777267153.7981837,316470
1777267153.9911013,316660
1777267154.0460544,316710
1777267154.1925116,316860
1777267154.2454402,316910
1777267154.2979183,316970
1777267154.3966937,317070
1777267154.4965446,317170
1777267154.596254,317270
1777267154.697075,317370
1777267154.8007789,317470
1777267154.8963282,317570
1777267154.9990277,317670
1777267155.099138,317770
1777267155.2012265,317870
1777267155.4197483,318090
1777267155.4982336,318170
1777267155.5979207,318270
1777267155.706387,318370
1777267155.797058,318470
1777267155.9029586,318570
1777267156.0392942,318700
1777267156.2383342,318910
1777267156.445636,319110
1777267156.508442,319170
1777267156.5968883,319270
1777267156.85463,319520
1777267156.901621,319570
1777267157.0725906,319730
1777267157.269452,319930
1777267157.3242266,319990
1777267157.467474,320140
1777267157.5257115,320190
1777267157.672193,320340
1777267157.7253864,320400
1777267157.801206,320470
1777267157.8995361,320570
1777267158.0852654,320750
1777267158.1353064,320800
1777267158.205045,320870
1777267158.3029377,320970
1777267158.4918869,321160
1777267158.5502155,321220
1777267158.6918986,321360
1777267158.9019675,321570
1777267159.0053205,321670
1777267159.0995874,321770
1777267159.1979277,321870
1777267159.300191,321970
1777267159.398828,322070
1777267159.5003963,322170
1777267159.7194793,322390
1777267159.920124,322590
1777267160.1365423,322800
1777267160.334075,323000
1777267160.3987286,323070
1777267160.4994578,323170
1777267160.7458508,323410
1777267160.95069,323620
1777267161.1530452,323820
1777267161.3588555,324030
1777267161.5622022,324230
1777267161.7713425,324440
1777267161.8182538,324490
1777267161.9006605,324570
1777267161.9964507,324670
1777267162.1778626,324850
1777267162.3910418,325050
1777267162.4423578,325110
1777267162.5956829,325260
1777267162.6420383,325310
1777267162.6992273,325370
1777267162.8099718,325470
1777267162.8974485,325570
1777267162.9968622,325670
1777267163.0952907,325770
1777267163.2051916,325870
1777267163.4081416,326080
1777267163.613879,326280
1777267163.7024355,326370
1777267163.8181047,326490
1777267164.030779,326690
1777267164.2271082,326900
1777267164.2984216,326970
1777267164.396538,327070
1777267164.4985664,327170
1777267164.6355703,327300
1777267164.8437688,327510
1777267164.898759,327570
1777267165.0066826,327670
1777267165.097285,327770
1777267165.1982584,327870
1777267165.4595647,328120
1777267165.661841,328330
1777267165.723389,328390
1777267165.8645298,328530
1777267165.9098356,328580
1777267166.0027912,328670
1777267166.0958123,328770
1777267166.1994002,328870
1777267166.3000855,328970
1777267166.3989196,329070
1777267166.4967031,329170
1777267166.597901,329270
1777267166.6971996,329370
1777267166.888769,329560
1777267166.940458,329610
1777267166.9986184,329670
1777267167.0962815,329770
1777267167.3021593,329970
1777267167.507756,330170
1777267167.6095254,330270
1777267167.6968408,330370
1777267167.7964315,330470
1777267167.9000368,330570
1777267168.0263982,330670
1777267168.1175506,330780
1777267168.1957436,330870
1777267168.299658,330970
1777267168.529972,331190
1777267168.7275126,331400
1777267168.7960796,331470
1777267168.936841,331600
1777267169.1492083,331810
1777267169.205419,331870
1777267169.358394,332010
1777267169.554383,332220
1777267169.7568562,332420
1777267169.812001,332480
1777267169.8977938,332570
1777267170.1656663,332830
1777267170.2187765,332890
1777267170.3072052,332970
1777267170.4116251,333070
1777267170.4943645,333170
1777267170.6059325,333270
1777267170.701129,333370
1777267170.8019137,333470
1777267170.986059,333650
1777267171.1924298,333860
1777267171.247575,333910
1777267171.3942463,334060
1777267171.4443715,334120
1777267171.5041802,334170
1777267171.599805,334270
1777267171.7198052,334370
1777267171.7991726,334470
1777267171.8998756,334570
1777267172.018243,334680
1777267172.1034875,334770
1777267172.211085,334880
1777267172.2978423,334970
1777267172.39668,335070
1777267172.6275246,335290
1777267172.8268077,335500
1777267172.896835,335570
1777267172.9960454,335670
1777267173.0973222,335770
1777267173.1986637,335870
1777267173.4430497,336110
1777267173.4963098,336170
1777267173.6584952,336320
1777267173.7087975,336380
1777267173.7965994,336470
1777267173.8983393,336570
1777267174.06048,336720
1777267174.111542,336780
1777267174.2623725,336930
1777267174.3142653,336980
1777267174.4682975,337140
1777267174.6746109,337340
1777267174.8708467,337540
1777267175.0860891,337750
1777267175.1360073,337800
1777267175.2843232,337950
1777267175.3357203,338000
1777267175.399167,338070
1777267175.4977777,338170
1777267175.599683,338270
1777267175.7017596,338370
1777267175.7962158,338470
1777267175.9014857,338570
1777267176.106849,338770
1777267176.2009168,338870
1777267176.302692,338970
1777267176.5185041,339180
1777267176.5955157,339270
1777267176.7249014,339390
1777267176.9192271,339590
1777267176.9963136,339670
1777267177.0987544,339770
1777267177.2013228,339870
1777267177.2965724,339970
1777267177.5424082,340210
1777267177.596406,340270
1777267177.7423155,340410
1777267177.79645,340470
1777267177.8988657,340570
1777267177.999313,340670
1777267178.1509047,340820
1777267178.3591678,341030
1777267178.418182,341080
1777267178.5650454,341230
1777267178.620896,341290
1777267178.7666712,341430
1777267178.9819846,341640
1777267179.0306711,341700
1777267179.1800382,341850
1777267179.235831,341900
1777267179.3857477,342050
1777267179.432253,342100
1777267179.5029662,342170
1777267179.598675,342270
1777267179.6976163,342370
1777267179.802051,342470
1777267179.9013662,342570
1777267179.9962673,342670
1777267180.2032566,342870
1777267180.413559,343070
1777267180.6119523,343280
1777267180.8213334,343480
1777267181.0198395,343690
1777267181.0975962,343770
1777267181.2001562,343870
1777267181.4291635,344100
1777267181.497734,344170
1777267181.628244,344300
1777267181.6988423,344370
1777267181.7976806,344470
1777267182.0451102,344710
1777267182.0959797,344770
1777267182.2067444,344870
1777267182.297785,344970
1777267182.3968477,345070
1777267182.5061626,345170
1777267182.6078827,345270
1777267182.711948,345370
1777267182.870333,345530
1777267183.068321,345740
1777267183.1167638,345790
1777267183.1976628,345870
1777267183.2995455,345970
1777267183.3975704,346070
1777267183.4957185,346170
1777267183.5998032,346270
1777267183.7014594,346370
1777267183.798046,346470
1777267183.8973818,346570
1777267183.996413,346670
1777267184.100305,346770
1777267184.1996443,346870
1777267184.3006265,346970
1777267184.5015419,347170
1777267184.7085636,347370
1777267184.7978058,347470
1777267184.9099746,347580
1777267185.1186986,347780
1777267185.1964836,347870
1777267185.2982006,347970
1777267185.5331228,348200
1777267185.732409,348400
1777267185.9375691,348610
1777267186.0024164,348670
1777267186.1008673,348770
1777267186.344247,349010
1777267186.3976727,349070
1777267186.5487862,349220
1777267186.6021733,349270
1777267186.7554853,349420
1777267186.9584215,349630
1777267187.1773825,349830
1777267187.371257,350030
1777267187.572188,350240
1777267187.7875214,350450
1777267187.989444,350650
1777267188.0473328,350720
1777267188.0959575,350770
1777267188.1981823,350870
1777267188.299826,350970
1777267188.3956766,351070
1777267188.501802,351170
1777267188.60512,351270
1777267188.7732701,351370
1777267189.0051017,351670
1777267189.183638,351770
1777267189.2505794,351920
1777267189.4170582,352090
1777267189.6306942,352290
1777267189.8294318,352490
1777267189.9000223,352570
1777267190.0387702,352700
1777267190.246321,352900
1777267190.2991114,352970
1777267190.445339,353110
1777267190.6506793,353310
1777267190.6977687,353370
1777267190.7971122,353470
1777267191.0681365,353720
1777267191.12407,353790
1777267191.1990664,353870
1777267191.4685578,354130
1777267191.6695309,354340
1777267191.723956,354390
1777267191.873895,354540
1777267191.9259672,354590
1777267192.0016947,354670
1777267192.1050153,354770
1777267192.1990888,354870
1777267192.298683,354970
1777267192.4902365,355160
1777267192.5485363,355220
1777267192.6944942,355360
1777267192.745689,355420
1777267192.8038125,355470
1777267192.9010837,355570
1777267193.0043433,355670
1777267193.1006215,355770
1777267193.2025082,355870
1777267193.317722,355980
1777267193.4031513,356070
1777267193.516086,356180
1777267193.7197316,356390
1777267193.801057,356470
1777267193.902024,356570
1777267194.1387892,356790
1777267194.1994655,356870
1777267194.3342812,357000
1777267194.4003165,357070
1777267194.5404823,357210
1777267194.7478652,357410
1777267194.9503412,357620
1777267195.00946,357670
1777267195.1512818,357820
1777267195.2108583,357870
1777267195.3579118,358030
1777267195.4059434,358080
1777267195.500613,358170
1777267195.5990295,358270
1777267195.7732718,358430
1777267195.8266916,358500
1777267195.8998067,358570
1777267196.004584,358670
1777267196.0946157,358770
1777267196.1973476,358870
1777267196.30044,358970
1777267196.396617,359070
1777267196.4966047,359170
1777267196.5975902,359270
1777267196.698104,359370
1777267196.7971447,359470
1777267197.013407,359660
1777267197.205217,359870
1777267197.4054697,360070
1777267197.556818,360220
1777267197.8210788,360480
1777267197.8973715,360570
1777267197.9960818,360670
1777267198.223947,360890
1777267198.2974014,360970
1777267198.3975203,361070
1777267198.647003,361300
1777267198.8385193,361510
1777267198.9008648,361570
1777267199.042174,361710
1777267199.0963068,361770
1777267199.2457836,361910
1777267199.4546733,362120
1777267199.6551127,362320
1777267199.8573563,362530
1777267199.9085715,362580
1777267200.0672898,362730
1777267200.272355,362940
1777267200.325052,363000
1777267200.39732,363070
1777267200.501389,363170
1777267200.5998242,363270
1777267200.711713,363370
1777267200.8866596,363550
1777267200.9459229,363620
1777267201.0969577,363760
1777267201.290531,363960
1777267201.5034008,364170
1777267201.5959735,364270
1777267201.7034163,364370
1777267201.7960577,364470
1777267201.905892,364570
1777267201.9982457,364670
1777267202.099752,364770
1777267202.3199158,364990
1777267202.5230157,365190
1777267202.736299,365400
1777267202.9367661,365600
1777267202.9968781,365670
1777267203.1059015,365770
1777267203.1972568,365870
1777267203.3000789,365970
1777267203.397829,366070
1777267203.496465,366170
1777267203.752393,366420
1777267203.8158271,366480
1777267203.9033382,366570
1777267204.0044847,366670
1777267204.0979457,366770
1777267204.2021494,366870
1777267204.3066921,366970
1777267204.5717049,367240
1777267204.7822583,367440
1777267204.8332837,367500
1777267204.895042,367570
1777267205.000383,367670
1777267205.0944152,367770
1777267205.199983,367870
1777267205.2959085,367970
1777267205.3972058,368070
1777267205.594827,368260
1777267205.8004673,368470
1777267205.8978858,368570
1777267205.9983451,368670
1777267206.1111522,368770
1777267206.209037,368880
1777267206.2949965,368970
1777267206.4141316,369080
1777267206.49629,369170
1777267206.5988402,369270
1777267206.6966546,369370
1777267206.8014605,369470
1777267206.8980663,369570
1777267206.996628,369670
1777267207.0995457,369770
1777267207.1962204,369870
1777267207.297779,369970
1777267207.4388065,370110
1777267207.644544,370310
1777267207.6972556,370370
1777267207.853757,370520
1777267208.0613627,370720
1777267208.256991,370930
1777267208.4581015,371130
1777267208.6707351,371340
1777267208.7316039,371390
1777267208.79616,371470
1777267208.8988144,371570
1777267209.0004072,371670
1777267209.0959709,371770
1777267209.2773137,371950
1777267209.3300834,372000
1777267209.4820275,372150
1777267209.530618,372200
1777267209.5970392,372270
1777267209.696786,372370
1777267209.7967699,372470
1777267209.8946788,372570
1777267210.1007054,372770
1777267210.1977923,372870
1777267210.2998395,372970
1777267210.3972552,373070
1777267210.4960287,373170
1777267210.5955248,373270
1777267210.698012,373370
1777267210.7998304,373470
1777267210.897629,373570
1777267210.997408,373670
1777267211.0957417,373770
1777267211.1985612,373870
1777267211.3251197,374000
1777267211.5395155,374200
1777267211.595931,374270
1777267211.6970139,374370
1777267211.9459074,374610
1777267212.1479604,374820
1777267212.3555853,375020
1777267212.566016,375230
1777267212.6125178,375280
1777267212.7074792,375370
1777267212.9737384,375640
1777267213.1715026,375840
1777267213.3853834,376050
1777267213.439069,376110
1777267213.586929,376250
1777267213.6409283,376310
1777267213.786741,376460
1777267213.8377547,376510
1777267213.9997497,376660
1777267214.0526226,376720
1777267214.0992146,376770
1777267214.2055116,376870
1777267214.3093967,376970
1777267214.4068854,377070
1777267214.4973905,377170
1777267214.5961514,377270
1777267214.8191004,377480
1777267214.8982134,377570
1777267214.9974387,377670
1777267215.100289,377770
1777267215.2254577,377890
1777267215.433135,378100
1777267215.4955225,378170
1777267215.595421,378270
1777267215.6960986,378370
1777267215.8428566,378500
1777267215.8988233,378570
1777267216.041689,378710
1777267216.2487943,378910
1777267216.4518425,379120
1777267216.6555777,379320
1777267216.8638196,379530
1777267216.9177184,379590
1777267217.0636296,379730
1777267217.115031,379790
1777267217.1970692,379870
1777267217.295036,379970
1777267217.4024613,380070
1777267217.5039103,380170
1777267217.5980654,380270
1777267217.6947434,380370
1777267217.8913045,380550
1777267217.9445279,380610
1777267218.0025988,380670
1777267218.0956397,380770
1777267218.2939427,380960
1777267218.499433,381170
1777267218.7015128,381370
1777267218.7981122,381470
1777267218.901042,381570
1777267219.1161065,381780
1777267219.3181143,381980
1777267219.5211594,382190
1777267219.7292445,382390
1777267219.8003771,382470
1777267219.9391491,382610
1777267220.0032673,382670
1777267220.0981705,382770
1777267220.1969492,382870
1777267220.304007,382970
1777267220.4020321,383070
1777267220.5464036,383210
1777267220.6036339,383270
1777267220.751652,383420
1777267220.8055377,383470
1777267220.9561093,383620
1777267221.0146513,383680
1777267221.0969691,383770
1777267221.1946454,383870
1777267221.3659415,384030
1777267221.4125445,384080
1777267221.56891,384240
1777267221.7783363,384440
